title,date,url,tokens,stem,lemma,pos_tags,named_entities
Nur Otan-да екі аудандағы АӘК-тің таратылуындағы заң бұзушылықтар қаралды,22:27 2019-08-17,https://kaz.zakon.kz/news/4981980-nur-otan-da-ek-audanda-y-a-k-t.html,"nur,otan,да,екі,аудандағы,аәк,тің,таратылуындағы,заң,бұзушылықтар,қаралды",nur otan-да екі аудандағы аәк-тің таратылуындағы заң бұзушылықтар қаралды,Nur Otan-да екі аудандағы АӘК-тің таратылуындағы заң бұзушылықтар қаралды,"[('Nur', 'NNP'), ('Otan', 'NNP'), ('-', ':'), ('да', 'NN'), ('екі', 'JJ'), ('аудандағы', 'NNP'), ('АӘК', 'NNP'), ('-', ':'), ('тің', 'NN'), ('таратылуындағы', 'JJ'), ('заң', 'NNP'), ('бұзушылықтар', 'NNP'), ('қаралды', 'NN')]","['Nur Otan', 'АӘК']"
Асқар Мамин Арыс қаласын қалпына келтіру жұмыстарын және Түркістандағы құрылыс нысандарын тексерді,18:16 2019-08-17,https://kaz.zakon.kz/news/4981971-as-ar-mamin-arys-alasyn-alpyna-kelt-ru.html,"асқар,мамин,арыс,қаласын,қалпына,келтіру,жұмыстарын,және,түркістандағы,құрылыс,нысандарын,тексерді",асқар мамин арыс қаласын қалпына келтіру жұмыстарын және түркістандағы құрылыс нысандарын тексерді,Асқар Мамин Арыс қаласын қалпына келтіру жұмыстарын және Түркістандағы құрылыс нысандарын тексерді,"[('Асқар', 'JJ'), ('Мамин', 'NNP'), ('Арыс', 'NNP'), ('қаласын', 'NNP'), ('қалпына', 'NNP'), ('келтіру', 'NNP'), ('жұмыстарын', 'NNP'), ('және', 'NNP'), ('Түркістандағы', 'NNP'), ('құрылыс', 'NNP'), ('нысандарын', 'NNP'), ('тексерді', 'NN')]",['Асқар Мамин Арыс']
Түркістанда шығыстық үлгідегі автобекет ашылды,15:25 2019-08-17,https://kaz.zakon.kz/news/4981963-t-rk-standa-shy-ysty-lg-deg-avtobeket.html,"түркістанда,шығыстық,үлгідегі,автобекет,ашылды",түркістанда шығыстық үлгідегі автобекет ашылды,Түркістанда шығыстық үлгідегі автобекет ашылды,"[('Түркістанда', 'JJ'), ('шығыстық', 'NNP'), ('үлгідегі', 'NNP'), ('автобекет', 'NNP'), ('ашылды', 'NN')]",['Түркістанда']
Бүгін арыстықтар 100 мың теңге жәрдемақыны алды,20:21 2019-08-16,https://kaz.zakon.kz/news/4981913-b-g-n-arysty-tar-100-my-te-ge-zh-rdema.html,"бүгін,арыстықтар,100,мың,теңге,жәрдемақыны,алды",бүгін арыстықтар 100 мың теңге жәрдемақыны алды,Бүгін арыстықтар 100 мың теңге жәрдемақыны алды,"[('Бүгін', 'JJ'), ('арыстықтар', '$'), ('100', 'CD'), ('мың', 'NNP'), ('теңге', 'NNP'), ('жәрдемақыны', 'NNP'), ('алды', 'NN')]",[]
АҚШ-тың санкциялары Ресейдің мұнайына деген сұранысты байқаусызда өсіріп жіберді,17:54 2019-08-16,https://kaz.zakon.kz/news/4981898-a-sh-ty-sanktsiyalary-reseyd-m-nayyna.html,"ақш,тың,санкциялары,ресейдің,мұнайына,деген,сұранысты,байқаусызда,өсіріп,жіберді",ақш-тың санкциялары ресейдің мұнайына деген сұранысты байқаусызда өсіріп жіберді,АҚШ-тың санкциялары Ресейдің мұнайына деген сұранысты байқаусызда өсіріп жіберді,"[('АҚШ', 'SYM'), ('-', ':'), ('тың', 'NN'), ('санкциялары', 'JJ'), ('Ресейдің', 'NNP'), ('мұнайына', 'NNP'), ('деген', 'NNP'), ('сұранысты', 'NNP'), ('байқаусызда', 'NNP'), ('өсіріп', 'NNP'), ('жіберді', 'NN')]","['АҚШ', 'Ресейдің']"
Елбасы алдағы сайлауға партиялардың даярлық жұмысын жеделдетуді тапсырды,17:37 2019-08-16,https://kaz.zakon.kz/news/4981894-elbasy-alda-y-saylau-a-partiyalardy.html,"елбасы,алдағы,сайлауға,партиялардың,даярлық,жұмысын,жеделдетуді,тапсырды",елбасы алдағы сайлауға партиялардың даярлық жұмысын жеделдетуді тапсырды,Елбасы алдағы сайлауға партиялардың даярлық жұмысын жеделдетуді тапсырды,"[('Елбасы', 'JJ'), ('алдағы', 'NNP'), ('сайлауға', 'NNP'), ('партиялардың', 'NNP'), ('даярлық', 'NNP'), ('жұмысын', 'NNP'), ('жеделдетуді', 'NNP'), ('тапсырды', 'NN')]",['Елбасы']
"""Бір шындықты айтайын..."". Димаш Қадыр атасының ескі видеосын парақшасына жүктеді",16:50 2019-08-16,https://kaz.zakon.kz/news/4981884-b-r-shyndy-ty-aytayyn-dimash-adyr.html,"бір,шындықты,айтайын,..."".,димаш,қадыр,атасының,ескі,видеосын,парақшасына,жүктеді","""бір шындықты айтайын..."". димаш қадыр атасының ескі видеосын парақшасына жүктеді","""Бір шындықты айтайын..."". Димаш Қадыр атасының ескі видеосын парақшасына жүктеді","[('""', 'JJ'), ('Бір', 'NNP'), ('шындықты', 'NNP'), ('айтайын', 'NNP'), ('..."".', 'NNP'), ('Димаш', 'NNP'), ('Қадыр', 'NNP'), ('атасының', 'NNP'), ('ескі', 'NNP'), ('видеосын', 'NNP'), ('парақшасына', 'NNP'), ('жүктеді', 'NN')]",[]
2-3 сағат босқа тұрады. Линейканың керегі не?,16:25 2019-08-16,https://kaz.zakon.kz/news/4981875-2-3-sa-at-bos-a-t-rady-lineykany-kereg.html,"2,3,сағат,босқа,тұрады,линейканың,керегі,не",2-3 сағат босқа тұрады. линейканың керегі не?,2-3 сағат босқа тұрады. Линейканың керегі не?,"[('2', 'CD'), ('-', ':'), ('3', 'CD'), ('сағат', 'JJ'), ('босқа', 'NNP'), ('тұрады', 'NNP'), ('.', '.'), ('Линейканың', 'VB'), ('керегі', 'JJ'), ('не', 'NN'), ('?', '.')]",[]
Дала өрті кезінде мерт болған үш азаматқа медаль берілді,16:03 2019-08-16,https://kaz.zakon.kz/news/4981872-dala-rt-kez-nde-mert-bol-an-sh-azamat-a.html,"дала,өрті,кезінде,мерт,болған,үш,азаматқа,медаль,берілді",дала өрті кезінде мерт болған үш азаматқа медаль берілді,Дала өрті кезінде мерт болған үш азаматқа медаль берілді,"[('Дала', 'JJ'), ('өрті', 'NNP'), ('кезінде', 'NNP'), ('мерт', 'NNP'), ('болған', 'NNP'), ('үш', 'NNP'), ('азаматқа', 'NNP'), ('медаль', 'NNP'), ('берілді', 'NN')]",['Дала']
"Білім министрі Аймағамбетов ""Әліппенің"" былығын айтты",15:23 2019-08-16,https://kaz.zakon.kz/news/4981863-b-l-m-ministr-ayma-ambetov-l-ppen-byly.html,"білім,министрі,аймағамбетов,әліппенің,былығын,айтты","білім министрі аймағамбетов ""әліппенің"" былығын айтты","Білім министрі Аймағамбетов ""Әліппенің"" былығын айтты","[('Білім', 'JJ'), ('министрі', 'NNP'), ('Аймағамбетов', 'NNP'), ('""', 'NNP'), ('Әліппенің', 'NNP'), ('""', 'NNP'), ('былығын', 'NNP'), ('айтты', 'NN')]",['Білім']
Мұғалімдердің бес күндік жұмысқа көшуіне кедергі жоқ – Аймағамбетов,15:21 2019-08-16,https://kaz.zakon.kz/news/4981862-m-al-mderd-bes-k-nd-k-zh-mys-a-k-shu-ne.html,"мұғалімдердің,бес,күндік,жұмысқа,көшуіне,кедергі,–,аймағамбетов",мұғалімдердің бес күндік жұмысқа көшуіне кедергі жоқ – аймағамбетов,Мұғалімдердің бес күндік жұмысқа көшуіне кедергі жоқ – Аймағамбетов,"[('Мұғалімдердің', 'JJ'), ('бес', 'NNP'), ('күндік', 'NNP'), ('жұмысқа', 'NNP'), ('көшуіне', 'NNP'), ('кедергі', 'NNP'), ('жоқ', 'NNP'), ('–', 'NNP'), ('Аймағамбетов', 'NN')]",['Мұғалімдердің']
Алматыда мас оқушы қыз метрода құлады,15:05 2019-08-16,https://kaz.zakon.kz/news/4981858-almatyda-mas-k-ydeg-o-ushy-yz-metroda.html,"алматыда,мас,оқушы,қыз,метрода,құлады",алматыда мас оқушы қыз метрода құлады,Алматыда мас оқушы қыз метрода құлады,"[('Алматыда', 'JJ'), ('мас', 'NNP'), ('оқушы', 'NNP'), ('қыз', 'NNP'), ('метрода', 'NNP'), ('құлады', 'NN')]",['Алматыда']
Алматыда қан шығарғанды жақсы көретін азамат өлі табылды,15:03 2019-08-16,https://kaz.zakon.kz/news/4981857-almatyda-an-shy-ar-andy-zha-sy-k-ret-n.html,"алматыда,қан,шығарғанды,жақсы,көретін,азамат,өлі,табылды",алматыда қан шығарғанды жақсы көретін азамат өлі табылды,Алматыда қан шығарғанды жақсы көретін азамат өлі табылды,"[('Алматыда', 'JJ'), ('қан', 'NNP'), ('шығарғанды', 'NNP'), ('жақсы', 'NNP'), ('көретін', 'NNP'), ('азамат', 'NNP'), ('өлі', 'NNP'), ('табылды', 'NN')]",['Алматыда']
СҚО-да үкіметтік емес ұйымдар мәселелері көтерілді,14:52 2019-08-16,https://kaz.zakon.kz/news/4981853-s-o-da-k-mett-k-emes-yymdar-m-seleler-k.html,"сқо,да,үкіметтік,ұйымдар,мәселелері,көтерілді",сқо-да үкіметтік емес ұйымдар мәселелері көтерілді,СҚО-да үкіметтік емес ұйымдар мәселелері көтерілді,"[('СҚО', 'SYM'), ('-', ':'), ('да', 'NN'), ('үкіметтік', 'JJ'), ('емес', 'NNP'), ('ұйымдар', 'NNP'), ('мәселелері', 'NNP'), ('көтерілді', 'NN')]",['СҚО']
Тамыз конференциясында Тоқаев не деді - толық мәтіні,14:36 2019-08-16,https://kaz.zakon.kz/news/4981847-tamyz-konferentsiyasynda-to-aev-ne-ded.html,"тамыз,конференциясында,тоқаев,не,деді,толық,мәтіні",тамыз конференциясында тоқаев не деді - толық мәтіні,Тамыз конференциясында Тоқаев не деді - толық мәтіні,"[('Тамыз', 'JJ'), ('конференциясында', 'NNP'), ('Тоқаев', 'NNP'), ('не', 'NNP'), ('деді', 'NNP'), ('-', ':'), ('толық', 'NN'), ('мәтіні', 'NN')]",['Тамыз']
Нұротандықтар! Желіде Бауыржан Байбектің хаты пайда болды,12:56 2019-08-16,https://kaz.zakon.kz/news/4981815-n-rotandy-tar-zhel-de-bauyrzhan-baybekt.html,"нұротандықтар,желіде,бауыржан,байбектің,хаты,пайда,болды",нұротандықтар! желіде бауыржан байбектің хаты пайда болды,Нұротандықтар! Желіде Бауыржан Байбектің хаты пайда болды,"[('Нұротандықтар', 'NN'), ('!', '.'), ('Желіде', 'JJ'), ('Бауыржан', 'JJ'), ('Байбектің', 'NN'), ('хаты', 'NNP'), ('пайда', 'NNP'), ('болды', 'NN')]",['Нұротандықтар']
Президент 12 жылдық білім беру жүйесіне қалай көшу керектігін айтты,12:33 2019-08-16,https://kaz.zakon.kz/news/4981810-prezident-12-zhyldy-b-l-m-beru-zh-yes.html,"президент,12,жылдық,білім,беру,жүйесіне,қалай,көшу,керектігін,айтты",президент 12 жылдық білім беру жүйесіне қалай көшу керектігін айтты,Президент 12 жылдық білім беру жүйесіне қалай көшу керектігін айтты,"[('Президент', 'RB'), ('12', 'CD'), ('жылдық', 'JJ'), ('білім', 'NNP'), ('беру', 'NNP'), ('жүйесіне', 'NNP'), ('қалай', 'NNP'), ('көшу', 'NNP'), ('керектігін', 'NNP'), ('айтты', 'NN')]",[]
Тоқаев мұғалімдердің жалақысын екі есеге өсіруді бұйырды,12:23 2019-08-16,https://kaz.zakon.kz/news/4981809-to-aev-m-al-mderd-zhala-ysyn-ek-esege-s.html,"тоқаев,мұғалімдердің,жалақысын,екі,есеге,өсіруді,бұйырды",тоқаев мұғалімдердің жалақысын екі есеге өсіруді бұйырды,Тоқаев мұғалімдердің жалақысын екі есеге өсіруді бұйырды,"[('Тоқаев', 'JJ'), ('мұғалімдердің', 'NNP'), ('жалақысын', 'NNP'), ('екі', 'NNP'), ('есеге', 'NNP'), ('өсіруді', 'NNP'), ('бұйырды', 'NN')]",['Тоқаев']
Атаулы әлеуметтік жәрдемақыны заңсыз алғандардан ақшаны қайтару талап етілді,11:44 2019-08-16,https://kaz.zakon.kz/news/4981798-atauly-leumett-k-zh-rdema-yny-za-syz-al.html,"атаулы,әлеуметтік,жәрдемақыны,заңсыз,алғандардан,ақшаны,қайтару,талап,етілді",атаулы әлеуметтік жәрдемақыны заңсыз алғандардан ақшаны қайтару талап етілді,Атаулы әлеуметтік жәрдемақыны заңсыз алғандардан ақшаны қайтару талап етілді,"[('Атаулы', 'JJ'), ('әлеуметтік', 'NNP'), ('жәрдемақыны', 'NNP'), ('заңсыз', 'NNP'), ('алғандардан', 'NNP'), ('ақшаны', 'NNP'), ('қайтару', 'NNP'), ('талап', 'NNP'), ('етілді', 'NN')]",['Атаулы']
Алматы облысында мектепте оқымайтын 8 жасар бала анықталды,11:23 2019-08-16,https://kaz.zakon.kz/news/4981794-almaty-oblysynda-mektepte-o-ymaytyn-8.html,"алматы,облысында,мектепте,оқымайтын,8,жасар,бала,анықталды",алматы облысында мектепте оқымайтын 8 жасар бала анықталды,Алматы облысында мектепте оқымайтын 8 жасар бала анықталды,"[('Алматы', 'JJ'), ('облысында', 'NNP'), ('мектепте', 'NNP'), ('оқымайтын', 'VBD'), ('8', 'CD'), ('жасар', 'NNP'), ('бала', 'NNP'), ('анықталды', 'NN')]",['Алматы']
"Путинді қорға, халықты тепкіле – симулятор ОМОН деген ойын шықты",10:59 2019-08-16,https://kaz.zakon.kz/news/4981788-putind-or-a-haly-ty-tepk-le-simulyator.html,"путинді,қорға,халықты,тепкіле,–,симулятор,омон,деген,ойын,шықты","путинді қорға, халықты тепкіле – симулятор омон деген ойын шықты","Путинді қорға, халықты тепкіле – симулятор ОМОН деген ойын шықты","[('Путинді', 'NN'), ('қорға', 'NN'), (',', ','), ('халықты', 'NNP'), ('тепкіле', 'NNP'), ('–', 'NNP'), ('симулятор', 'NNP'), ('ОМОН', 'NNP'), ('деген', 'NNP'), ('ойын', 'NNP'), ('шықты', 'NN')]",['Путинді']
Нұртілеу Иманғалиұлы телевидениеге оралды!,10:59 2019-08-16,https://kaz.zakon.kz/news/4981787-n-rt-leu-iman-ali-ly-televideniege.html,"нұртілеу,иманғалиұлы,телевидениеге,оралды",нұртілеу иманғалиұлы телевидениеге оралды!,Нұртілеу Иманғалиұлы телевидениеге оралды!,"[('Нұртілеу', 'JJ'), ('Иманғалиұлы', 'NNP'), ('телевидениеге', 'NNP'), ('оралды', 'NN'), ('!', '.')]",['Нұртілеу Иманғалиұлы']
Елшілер Тоқаевтың Қытайға мемлекеттік сапары дайындығын талқылады,10:45 2019-08-16,https://kaz.zakon.kz/news/4981783-elsh-ler-to-aevty-ytay-a-memlekett-k.html,"елшілер,тоқаевтың,қытайға,мемлекеттік,сапары,дайындығын,талқылады",елшілер тоқаевтың қытайға мемлекеттік сапары дайындығын талқылады,Елшілер Тоқаевтың Қытайға мемлекеттік сапары дайындығын талқылады,"[('Елшілер', 'JJ'), ('Тоқаевтың', 'NNP'), ('Қытайға', 'NNP'), ('мемлекеттік', 'NNP'), ('сапары', 'NNP'), ('дайындығын', 'NNP'), ('талқылады', 'NN')]",['Елшілер Тоқаевтың Қытайға']
Олар ВИЧ-ті Теңіз кенішінде жұқтырмаған -  облыстық денсаулық сақтау басқармасының басшысы,09:53 2019-08-16,https://kaz.zakon.kz/news/4981775-olar-vich-t-te-z-ken-sh-nde-zh-tyrma-an.html,"вич,ті,теңіз,кенішінде,жұқтырмаған,облыстық,денсаулық,сақтау,басқармасының,басшысы",олар вич-ті теңіз кенішінде жұқтырмаған -  облыстық денсаулық сақтау басқармасының басшысы,Олар ВИЧ-ті Теңіз кенішінде жұқтырмаған -  облыстық денсаулық сақтау басқармасының басшысы,"[('Олар', 'NN'), ('ВИЧ', 'SYM'), ('-', ':'), ('ті', 'NN'), ('Теңіз', 'JJ'), ('кенішінде', 'NNP'), ('жұқтырмаған', 'NNP'), ('-', ':'), ('облыстық', 'NN'), ('денсаулық', 'JJ'), ('сақтау', 'NNP'), ('басқармасының', 'NNP'), ('басшысы', 'NN')]","['Олар', 'Теңіз']"
"Трагикомедия. ""Оқулық"" орталығы vs министр",09:50 2019-08-16,https://kaz.zakon.kz/news/4981774-tragikomediya-o-uly-ortaly-y-vs-ministr.html,"трагикомедия,оқулық,орталығы,vs,министр","трагикомедия. ""оқулық"" орталығы vs министр","Трагикомедия. ""Оқулық"" орталығы vs министр","[('Трагикомедия', 'NN'), ('.', '.'), ('""', 'CC'), ('Оқулық', 'JJ'), ('""', 'NNP'), ('орталығы', 'NNP'), ('vs', 'NN'), ('министр', 'NN')]",['Трагикомедия']
"Шетелдіктерді мұнай компаниясына заңсыз ""тықпалаған"" осы әкім екен!",09:45 2019-08-16,https://kaz.zakon.kz/news/4981773-sheteld-kterd-m-nay-kompaniyasyna-za.html,"шетелдіктерді,мұнай,компаниясына,заңсыз,тықпалаған,әкім,екен","шетелдіктерді мұнай компаниясына заңсыз ""тықпалаған"" осы әкім екен!","Шетелдіктерді мұнай компаниясына заңсыз ""тықпалаған"" осы әкім екен!","[('Шетелдіктерді', 'JJ'), ('мұнай', 'NNP'), ('компаниясына', 'NNP'), ('заңсыз', 'NNP'), ('""', 'NNP'), ('тықпалаған', 'NNP'), ('""', 'NNP'), ('осы', 'NNP'), ('әкім', 'NNP'), ('екен', 'NN'), ('!', '.')]",['Шетелдіктерді']
"Бұршақ, дауыл, қатты жаңбыр – жұмадағы ауа-райы",09:36 2019-08-16,https://kaz.zakon.kz/news/4981768-b-rsha-dauyl-atty-zha-byr-zh-mada-y-aua.html,"бұршақ,дауыл,қатты,жаңбыр,–,жұмадағы,ауа,райы","бұршақ, дауыл, қатты жаңбыр – жұмадағы ауа-райы","Бұршақ, дауыл, қатты жаңбыр – жұмадағы ауа-райы","[('Бұршақ', 'NN'), (',', ','), ('дауыл', 'NNP'), (',', ','), ('қатты', 'NNP'), ('жаңбыр', 'NNP'), ('–', 'NNP'), ('жұмадағы', 'NNP'), ('ауа', 'NNP'), ('-', ':'), ('райы', 'NN')]",['Бұршақ']
Республикалық тамыз кеңесінде жекеге тиесілі мектептер жайы да талқыланады,09:23 2019-08-16,https://kaz.zakon.kz/news/4981760-respublikaly-tamyz-ke-es-nde-zhekege.html,"республикалық,тамыз,кеңесінде,жекеге,тиесілі,мектептер,жайы,да,талқыланады",республикалық тамыз кеңесінде жекеге тиесілі мектептер жайы да талқыланады,Республикалық тамыз кеңесінде жекеге тиесілі мектептер жайы да талқыланады,"[('Республикалық', 'JJ'), ('тамыз', 'NNP'), ('кеңесінде', 'NNP'), ('жекеге', 'NNP'), ('тиесілі', 'NNP'), ('мектептер', 'NNP'), ('жайы', 'NNP'), ('да', 'NNP'), ('талқыланады', 'NN')]",['Республикалық']
Заречныйдағы азаптау оқиғасына байланысты 7 түрме қызметкері қамауға алынды,17:52 2019-08-15,https://kaz.zakon.kz/news/4981712-zarechnyyda-y-azaptau-o-i-asyna.html,"заречныйдағы,азаптау,оқиғасына,байланысты,7,түрме,қызметкері,қамауға,алынды",заречныйдағы азаптау оқиғасына байланысты 7 түрме қызметкері қамауға алынды,Заречныйдағы азаптау оқиғасына байланысты 7 түрме қызметкері қамауға алынды,"[('Заречныйдағы', 'JJ'), ('азаптау', 'NNP'), ('оқиғасына', 'NNP'), ('байланысты', 'VBD'), ('7', 'CD'), ('түрме', 'NNP'), ('қызметкері', 'NNP'), ('қамауға', 'NNP'), ('алынды', 'NN')]",['Заречныйдағы']
Үкімет басшысы жұмыс сапарымен Қостанай облысында жүр,17:29 2019-08-15,https://kaz.zakon.kz/news/4981708-k-met-basshysy-zh-mys-saparmen-ostanay.html,"үкімет,басшысы,жұмыс,сапарымен,қостанай,облысында,жүр",үкімет басшысы жұмыс сапарымен қостанай облысында жүр,Үкімет басшысы жұмыс сапарымен Қостанай облысында жүр,"[('Үкімет', 'JJ'), ('басшысы', 'NNP'), ('жұмыс', 'NNP'), ('сапарымен', 'NNP'), ('Қостанай', 'NNP'), ('облысында', 'NNP'), ('жүр', 'NN')]",['Үкімет']
Тасмағамбетов қызметінен босатылды,16:57 2019-08-15,https://kaz.zakon.kz/news/4981702-tasma-ambetov-yzmet-nen-bosatyldy.html,"тасмағамбетов,қызметінен,босатылды",тасмағамбетов қызметінен босатылды,Тасмағамбетов қызметінен босатылды,"[('Тасмағамбетов', 'JJ'), ('қызметінен', 'NNP'), ('босатылды', 'NN')]",['Тасмағамбетов']
Қасым-Жомарт Тоқаев мұғалімдердің тамыз конференциясына қатысады,16:23 2019-08-15,https://kaz.zakon.kz/news/4981694-asym-zhomart-to-aev-m-al-mderd-tamyz.html,"қасым,жомарт,тоқаев,мұғалімдердің,тамыз,конференциясына,қатысады",қасым-жомарт тоқаев мұғалімдердің тамыз конференциясына қатысады,Қасым-Жомарт Тоқаев мұғалімдердің тамыз конференциясына қатысады,"[('Қасым', 'SYM'), ('-', ':'), ('Жомарт', 'NN'), ('Тоқаев', 'JJ'), ('мұғалімдердің', 'NNP'), ('тамыз', 'NNP'), ('конференциясына', 'NNP'), ('қатысады', 'NN')]","['Қасым', 'Жомарт Тоқаев']"
"Сүрбойдақ Кенталды қай сұлу ""қақпанға түсіргені"" белгілі болды",16:05 2019-08-15,https://kaz.zakon.kz/news/4981691-s-rboyda-kentaldy-ay-s-lu-a-pan-a-t-s.html,"сүрбойдақ,кенталды,қай,сұлу,қақпанға,түсіргені,белгілі,болды","сүрбойдақ кенталды қай сұлу ""қақпанға түсіргені"" белгілі болды","Сүрбойдақ Кенталды қай сұлу ""қақпанға түсіргені"" белгілі болды","[('Сүрбойдақ', 'JJ'), ('Кенталды', 'NNP'), ('қай', 'NNP'), ('сұлу', 'NNP'), ('""', 'NNP'), ('қақпанға', 'NNP'), ('түсіргені', 'NNP'), ('""', 'NNP'), ('белгілі', 'NNP'), ('болды', 'NN')]",['Сүрбойдақ Кенталды']
5 қызынан айырылған Жанымгүл мен Евгений Ситерлер отбасы бала асырап алмақ,16:04 2019-08-15,https://kaz.zakon.kz/news/4981690-5-yzynan-ayyryl-an-zhanymg-l-men.html,"5,қызынан,айырылған,жанымгүл,евгений,ситерлер,отбасы,бала,асырап,алмақ",5 қызынан айырылған жанымгүл мен евгений ситерлер отбасы бала асырап алмақ,5 қызынан айырылған Жанымгүл мен Евгений Ситерлер отбасы бала асырап алмақ,"[('5', 'CD'), ('қызынан', 'JJ'), ('айырылған', 'NNP'), ('Жанымгүл', 'NNP'), ('мен', 'NNP'), ('Евгений', 'NNP'), ('Ситерлер', 'NNP'), ('отбасы', 'NNP'), ('бала', 'NNP'), ('асырап', 'NNP'), ('алмақ', 'NN')]",[]
"""Всеобучтың"" жәрдемақысын жеп қоятындар кімдер?",15:53 2019-08-15,https://kaz.zakon.kz/news/4981688-vseobuchty-zh-rdema-ysyn-zhep-oyatyndar.html,"всеобучтың,жәрдемақысын,жеп,қоятындар,кімдер","""всеобучтың"" жәрдемақысын жеп қоятындар кімдер?","""Всеобучтың"" жәрдемақысын жеп қоятындар кімдер?","[('""', 'JJ'), ('Всеобучтың', 'NNP'), ('""', 'NNP'), ('жәрдемақысын', 'NNP'), ('жеп', 'NNP'), ('қоятындар', 'NNP'), ('кімдер', 'NNP'), ('?', '.')]",[]
Атырауда балықтың жаппай қырылу оқиғасы бойынша сот отырысы өтті,15:32 2019-08-15,https://kaz.zakon.kz/news/4981683-atyrauda-baly-ty-zhappay-yryluy.html,"атырауда,балықтың,жаппай,қырылу,оқиғасы,бойынша,сот,отырысы,өтті",атырауда балықтың жаппай қырылу оқиғасы бойынша сот отырысы өтті,Атырауда балықтың жаппай қырылу оқиғасы бойынша сот отырысы өтті,"[('Атырауда', 'JJ'), ('балықтың', 'NNP'), ('жаппай', 'NNP'), ('қырылу', 'NNP'), ('оқиғасы', 'NNP'), ('бойынша', 'NNP'), ('сот', 'NNP'), ('отырысы', 'NNP'), ('өтті', 'NN')]",['Атырауда']
"Алматыда ағаш құлап, біреудің жап-жақсы мәшинесін талқандады",15:31 2019-08-15,https://kaz.zakon.kz/news/4981682-almatyda-a-ash-lap-b-reud-zhap-zha-sy-m.html,"алматыда,ағаш,құлап,біреудің,жап,жақсы,мәшинесін,талқандады","алматыда ағаш құлап, біреудің жап-жақсы мәшинесін талқандады","Алматыда ағаш құлап, біреудің жап-жақсы мәшинесін талқандады","[('Алматыда', 'JJ'), ('ағаш', 'NNP'), ('құлап', 'NNP'), (',', ','), ('біреудің', 'NNP'), ('жап', 'NNP'), ('-', ':'), ('жақсы', 'NN'), ('мәшинесін', 'NN'), ('талқандады', 'NN')]",['Алматыда']
"""Өз алдына бөлек халық"". Атақты рэпер шымкентскийлерді сөз қылды",15:14 2019-08-15,https://kaz.zakon.kz/news/4981678-z-aldyna-b-lek-haly-ata-ty-reper.html,"алдына,бөлек,халық,"".,атақты,рэпер,шымкентскийлерді,сөз,қылды","""өз алдына бөлек халық"". атақты рэпер шымкентскийлерді сөз қылды","""Өз алдына бөлек халық"". Атақты рэпер шымкентскийлерді сөз қылды","[('""', 'JJ'), ('Өз', 'NNP'), ('алдына', 'NNP'), ('бөлек', 'NNP'), ('халық', 'NNP'), ('"".', 'NNP'), ('Атақты', 'NNP'), ('рэпер', 'NNP'), ('шымкентскийлерді', 'NNP'), ('сөз', 'NNP'), ('қылды', 'NN')]",[]
Ұятсыз видео шыққан Теңіз кенішінде тағы бір масқара жағдай анықталды,14:27 2019-08-15,https://kaz.zakon.kz/news/4981670-yatsyz-video-shy-an-te-z-ken-sh-nde-ta.html,"ұятсыз,видео,шыққан,теңіз,кенішінде,бір,масқара,жағдай,анықталды",ұятсыз видео шыққан теңіз кенішінде тағы бір масқара жағдай анықталды,Ұятсыз видео шыққан Теңіз кенішінде тағы бір масқара жағдай анықталды,"[('Ұятсыз', 'JJ'), ('видео', 'NNP'), ('шыққан', 'NNP'), ('Теңіз', 'NNP'), ('кенішінде', 'NNP'), ('тағы', 'NNP'), ('бір', 'NNP'), ('масқара', 'NNP'), ('жағдай', 'NNP'), ('анықталды', 'NN')]",['Ұятсыз']
"Пах, шіркін-ай. Индонезия еркектері волейболшы қызымызға сұқтанды",12:51 2019-08-15,https://kaz.zakon.kz/news/4981647-pah-sh-rk-n-ay-indoneziya-erkekter.html,"пах,индонезия,еркектері,волейболшы,қызымызға,сұқтанды","пах, шіркін-ай. индонезия еркектері волейболшы қызымызға сұқтанды","Пах, шіркін-ай. Индонезия еркектері волейболшы қызымызға сұқтанды","[('Пах', 'NN'), (',', ','), ('шіркін', 'NNP'), ('-', ':'), ('ай', 'NN'), ('.', '.'), ('Индонезия', 'CC'), ('еркектері', 'JJ'), ('волейболшы', 'NNP'), ('қызымызға', 'NNP'), ('сұқтанды', 'NN')]",['Пах']
"""Астана су арнасының"" бұрынғы бас директоры 7 жылға сотталды",12:34 2019-08-15,https://kaz.zakon.kz/news/4981642-astana-su-arnasyny-b-ryn-y-bas.html,"астана,су,арнасының,бұрынғы,бас,директоры,7,жылға,сотталды","""астана су арнасының"" бұрынғы бас директоры 7 жылға сотталды","""Астана су арнасының"" бұрынғы бас директоры 7 жылға сотталды","[('""', 'JJ'), ('Астана', 'NNP'), ('су', 'NNP'), ('арнасының', 'NNP'), ('""', 'NNP'), ('бұрынғы', 'NNP'), ('бас', 'NNP'), ('директоры', 'VBD'), ('7', 'CD'), ('жылға', 'NNS'), ('сотталды', 'VBP')]",['Астана']
Миллиардер Эпштейннің үйінен әйелше киінген Клинтонның портреті табылды,11:56 2019-08-15,https://kaz.zakon.kz/news/4981638-milliarder-epshteynn-y-nen-yelshe-ki.html,"миллиардер,эпштейннің,үйінен,әйелше,киінген,клинтонның,портреті,табылды",миллиардер эпштейннің үйінен әйелше киінген клинтонның портреті табылды,Миллиардер Эпштейннің үйінен әйелше киінген Клинтонның портреті табылды,"[('Миллиардер', 'JJ'), ('Эпштейннің', 'NNP'), ('үйінен', 'NNP'), ('әйелше', 'NNP'), ('киінген', 'NNP'), ('Клинтонның', 'NNP'), ('портреті', 'NNP'), ('табылды', 'NN')]",['Миллиардер Эпштейннің']
Белгілі заңгер жұманы түске дейін ғана жұмыс күні етуді ұсынды,11:07 2019-08-15,https://kaz.zakon.kz/news/4981625-belg-l-za-ger-zh-many-t-ske-dey-n-ana.html,"белгілі,заңгер,жұманы,түске,жұмыс,күні,етуді,ұсынды",белгілі заңгер жұманы түске дейін ғана жұмыс күні етуді ұсынды,Белгілі заңгер жұманы түске дейін ғана жұмыс күні етуді ұсынды,"[('Белгілі', 'JJ'), ('заңгер', 'NNP'), ('жұманы', 'NNP'), ('түске', 'NNP'), ('дейін', 'NNP'), ('ғана', 'NNP'), ('жұмыс', 'NNP'), ('күні', 'NNP'), ('етуді', 'NNP'), ('ұсынды', 'NN')]",['Белгілі']
Мылжың деген осы. Бердімұхамедовтің сөзі жұртты қалғытты,10:08 2019-08-15,https://kaz.zakon.kz/news/4981613-mylzhy-degen-osy-berd-m-hamedovt-s-z-zh.html,"мылжың,деген,бердімұхамедовтің,сөзі,жұртты,қалғытты",мылжың деген осы. бердімұхамедовтің сөзі жұртты қалғытты,Мылжың деген осы. Бердімұхамедовтің сөзі жұртты қалғытты,"[('Мылжың', 'JJ'), ('деген', 'NNP'), ('осы', 'NNP'), ('.', '.'), ('Бердімұхамедовтің', 'VB'), ('сөзі', 'JJ'), ('жұртты', 'NNP'), ('қалғытты', 'NN')]",['Мылжың']
18 жастағы алматылық бойжеткенді өгей әкесі жылдар бойы зорлаған,09:28 2019-08-15,https://kaz.zakon.kz/news/4981596-18-zhasta-y-almatyly-boyzhetkend-gey.html,"18,жастағы,алматылық,бойжеткенді,өгей,әкесі,жылдар,зорлаған",18 жастағы алматылық бойжеткенді өгей әкесі жылдар бойы зорлаған,18 жастағы алматылық бойжеткенді өгей әкесі жылдар бойы зорлаған,"[('18', 'CD'), ('жастағы', 'JJ'), ('алматылық', 'NNP'), ('бойжеткенді', 'NNP'), ('өгей', 'NNP'), ('әкесі', 'NNP'), ('жылдар', 'NNP'), ('бойы', 'NNP'), ('зорлаған', 'NN')]",[]
"Қазақстан халқының саны 18,5 млн адамға жетті",09:16 2019-08-15,https://kaz.zakon.kz/news/4981589-aza-stan-hal-yny-sany-18-5-mln-adam-a.html,"қазақстан,халқының,саны,18,5,млн,адамға,жетті","қазақстан халқының саны 18,5 млн адамға жетті","Қазақстан халқының саны 18,5 млн адамға жетті","[('Қазақстан', 'JJ'), ('халқының', 'NNP'), ('саны', 'NNP'), ('18', 'CD'), (',', ','), ('5', 'CD'), ('млн', 'NN'), ('адамға', 'NN'), ('жетті', 'NN')]",['Қазақстан']
"""Түк масқара емес..."". Айжан Нұрмағамбетова Қайрат Нұртасты әбден мақтады",17:40 2019-08-14,https://kaz.zakon.kz/news/4981540-t-k-mas-ara-emes-ayzhan-n-rma-ambetova.html,"түк,масқара,..."".,айжан,нұрмағамбетова,қайрат,нұртасты,әбден,мақтады","""түк масқара емес..."". айжан нұрмағамбетова қайрат нұртасты әбден мақтады","""Түк масқара емес..."". Айжан Нұрмағамбетова Қайрат Нұртасты әбден мақтады","[('""', 'JJ'), ('Түк', 'NNP'), ('масқара', 'NNP'), ('емес', 'NNP'), ('..."".', 'NNP'), ('Айжан', 'NNP'), ('Нұрмағамбетова', 'NNP'), ('Қайрат', 'NNP'), ('Нұртасты', 'NNP'), ('әбден', 'NNP'), ('мақтады', 'NN')]",[]
"""Қатайып жүрем..."". Қуат Хамитов комедияға түсті",17:20 2019-08-14,https://kaz.zakon.kz/news/4981534-atayyp-zh-rem-uat-hamitov-komediya-a-t.html,"қатайып,жүрем,..."".,қуат,хамитов,комедияға,түсті","""қатайып жүрем..."". қуат хамитов комедияға түсті","""Қатайып жүрем..."". Қуат Хамитов комедияға түсті","[('""', 'JJ'), ('Қатайып', 'NNP'), ('жүрем', 'NNP'), ('..."".', 'NNP'), ('Қуат', 'NNP'), ('Хамитов', 'NNP'), ('комедияға', 'NNP'), ('түсті', 'NN')]",['Қатайып']
Тоқаев белгілі археолог Зейнолла Самашевты қабылдады,16:44 2019-08-14,https://kaz.zakon.kz/news/4981523-to-aev-belg-l-arheolog-zeynolla.html,"тоқаев,белгілі,археолог,зейнолла,самашевты,қабылдады",тоқаев белгілі археолог зейнолла самашевты қабылдады,Тоқаев белгілі археолог Зейнолла Самашевты қабылдады,"[('Тоқаев', 'JJ'), ('белгілі', 'NNP'), ('археолог', 'NNP'), ('Зейнолла', 'NNP'), ('Самашевты', 'NNP'), ('қабылдады', 'NN')]",['Тоқаев']
"Шындығы сол: қазақтар әлі тайпалық, рулық деңгейде жүр",16:37 2019-08-14,https://kaz.zakon.kz/news/4981521-shyndy-y-sol-aza-tar-l-taypaly-ruly-de.html,"шындығы,қазақтар,әлі,тайпалық,рулық,деңгейде,жүр","шындығы сол: қазақтар әлі тайпалық, рулық деңгейде жүр","Шындығы сол: қазақтар әлі тайпалық, рулық деңгейде жүр","[('Шындығы', 'JJ'), ('сол', 'NN'), (':', ':'), ('қазақтар', 'JJ'), ('әлі', 'NNP'), ('тайпалық', 'NNP'), (',', ','), ('рулық', 'NNP'), ('деңгейде', 'NNP'), ('жүр', 'NN')]",['Шындығы']
"""Шыдай алмадым..."". Атамбаевтың тығып қойған баласы ел алдына шығып, сұқбат берді",16:35 2019-08-14,https://kaz.zakon.kz/news/4981520-shyday-almadym-atambaevty-ty-yp-oy-an.html,"шыдай,алмадым,..."".,атамбаевтың,тығып,қойған,баласы,ел,алдына,шығып,сұқбат,берді","""шыдай алмадым..."". атамбаевтың тығып қойған баласы ел алдына шығып, сұқбат берді","""Шыдай алмадым..."". Атамбаевтың тығып қойған баласы ел алдына шығып, сұқбат берді","[('""', 'JJ'), ('Шыдай', 'NNP'), ('алмадым', 'NNP'), ('..."".', 'NNP'), ('Атамбаевтың', 'NNP'), ('тығып', 'NNP'), ('қойған', 'NNP'), ('баласы', 'NNP'), ('ел', 'NNP'), ('алдына', 'NNP'), ('шығып', 'NNP'), (',', ','), ('сұқбат', 'NNP'), ('берді', 'NNP')]",['Шыдай']
Базарда фундук қымбат: еркектің бел күшін арттыратын азықтар анықталды,16:10 2019-08-14,https://kaz.zakon.kz/news/4981513-bazarda-funduk-ymbat-erkekt-bel-k-sh-n.html,"базарда,фундук,қымбат,еркектің,бел,күшін,арттыратын,азықтар,анықталды",базарда фундук қымбат: еркектің бел күшін арттыратын азықтар анықталды,Базарда фундук қымбат: еркектің бел күшін арттыратын азықтар анықталды,"[('Базарда', 'JJ'), ('фундук', 'NNP'), ('қымбат', 'NN'), (':', ':'), ('еркектің', 'JJ'), ('бел', 'NNP'), ('күшін', 'NNP'), ('арттыратын', 'NNP'), ('азықтар', 'NNP'), ('анықталды', 'NN')]",['Базарда']
"Алматыда ""Мерс"" мінген мастың кесірінен бір отбасы өртеніп кете жаздады",15:46 2019-08-14,https://kaz.zakon.kz/news/4981507-almatyda-mers-m-ngen-masty-kes-r-nen-b.html,"алматыда,мерс,мінген,мастың,кесірінен,бір,отбасы,өртеніп,кете,жаздады","алматыда ""мерс"" мінген мастың кесірінен бір отбасы өртеніп кете жаздады","Алматыда ""Мерс"" мінген мастың кесірінен бір отбасы өртеніп кете жаздады","[('Алматыда', 'JJ'), ('""', 'NNP'), ('Мерс', 'NNP'), ('""', 'NNP'), ('мінген', 'NNP'), ('мастың', 'NNP'), ('кесірінен', 'NNP'), ('бір', 'NNP'), ('отбасы', 'NNP'), ('өртеніп', 'NNP'), ('кете', 'NNP'), ('жаздады', 'NN')]",[]
Сенаттан кеткен шенді вице-министр болып тағайындалды,15:45 2019-08-14,https://kaz.zakon.kz/news/4981506-senattan-ketken-shend-vitse-ministr.html,"сенаттан,кеткен,шенді,вице,министр,болып,тағайындалды",сенаттан кеткен шенді вице-министр болып тағайындалды,Сенаттан кеткен шенді вице-министр болып тағайындалды,"[('Сенаттан', 'JJ'), ('кеткен', 'NNP'), ('шенді', 'NNP'), ('вице', 'NNP'), ('-', ':'), ('министр', 'NN'), ('болып', 'NN'), ('тағайындалды', 'NN')]",['Сенаттан']
"""Дұрыс емес қой"". Заңгер Серікжан Біләштің үлкен қатесін бетіне басты",15:32 2019-08-14,https://kaz.zakon.kz/news/4981502-d-rys-emes-oy-za-ger-ser-kzhan-b-l-sht.html,"дұрыс,қой,"".,заңгер,серікжан,біләштің,үлкен,қатесін,бетіне,басты","""дұрыс емес қой"". заңгер серікжан біләштің үлкен қатесін бетіне басты","""Дұрыс емес қой"". Заңгер Серікжан Біләштің үлкен қатесін бетіне басты","[('""', 'JJ'), ('Дұрыс', 'NNP'), ('емес', 'NNP'), ('қой', 'NNP'), ('"".', 'NNP'), ('Заңгер', 'NNP'), ('Серікжан', 'NNP'), ('Біләштің', 'NNP'), ('үлкен', 'NNP'), ('қатесін', 'NNP'), ('бетіне', 'NNP'), ('басты', 'NN')]",['Дұрыс']
Мемлекет басшысы экономикалық мәселелер бойынша кеңес өткізді,15:22 2019-08-14,https://kaz.zakon.kz/news/4981498-memleket-basshysy-ekonomikaly-m-seleler.html,"мемлекет,басшысы,экономикалық,мәселелер,бойынша,кеңес,өткізді",мемлекет басшысы экономикалық мәселелер бойынша кеңес өткізді,Мемлекет басшысы экономикалық мәселелер бойынша кеңес өткізді,"[('Мемлекет', 'JJ'), ('басшысы', 'NNP'), ('экономикалық', 'NNP'), ('мәселелер', 'NNP'), ('бойынша', 'NNP'), ('кеңес', 'NNP'), ('өткізді', 'NN')]",['Мемлекет']
Желіде Елбасының жастарға арналған үндеуі жарияланды,14:28 2019-08-14,https://kaz.zakon.kz/news/4981489-zhel-de-elbasyny-zhastar-a-arnal-an.html,"желіде,елбасының,жастарға,арналған,үндеуі,жарияланды",желіде елбасының жастарға арналған үндеуі жарияланды,Желіде Елбасының жастарға арналған үндеуі жарияланды,"[('Желіде', 'JJ'), ('Елбасының', 'NNP'), ('жастарға', 'NNP'), ('арналған', 'NNP'), ('үндеуі', 'NNP'), ('жарияланды', 'NN')]",['Желіде Елбасының']
"""Тапсырыс берді!"". Айжан Байзақова сайлау алдында неге пранк жасағанын айта салды",12:35 2019-08-14,https://kaz.zakon.kz/news/4981471-menen-k-rmes-n-ayzhan-bayza-ova-saylau.html,"тапсырыс,берді,!"".,айжан,байзақова,сайлау,алдында,неге,пранк,жасағанын,айта,салды","""тапсырыс берді!"". айжан байзақова сайлау алдында неге пранк жасағанын айта салды","""Тапсырыс берді!"". Айжан Байзақова сайлау алдында неге пранк жасағанын айта салды","[('""', 'JJ'), ('Тапсырыс', 'NNP'), ('берді', 'NNP'), ('!"".', 'NNP'), ('Айжан', 'NNP'), ('Байзақова', 'NNP'), ('сайлау', 'NNP'), ('алдында', 'NNP'), ('неге', 'NNP'), ('пранк', 'NNP'), ('жасағанын', 'NNP'), ('айта', 'NNP'), ('салды', 'NN')]",['Тапсырыс']
"""Кешіріңіздер!"". Жәйремдегі айғай-шуға мына түрік кінәлі",11:45 2019-08-14,https://kaz.zakon.kz/news/4981457-kesh-r-zder-zh-yremdeg-ay-ay-shu-a-myna.html,"кешіріңіздер,!"".,жәйремдегі,айғай,шуға,түрік,кінәлі","""кешіріңіздер!"". жәйремдегі айғай-шуға мына түрік кінәлі","""Кешіріңіздер!"". Жәйремдегі айғай-шуға мына түрік кінәлі","[('""', 'JJ'), ('Кешіріңіздер', 'NNP'), ('!"".', 'NNP'), ('Жәйремдегі', 'NNP'), ('айғай', 'NNP'), ('-', ':'), ('шуға', 'NN'), ('мына', 'JJ'), ('түрік', 'NNP'), ('кінәлі', 'NN')]",[]
Ақшамен көлігін ұшықтаған МАЙ қызметкері видеоға түсіп қалған,11:28 2019-08-14,https://kaz.zakon.kz/news/4981451-a-shamen-k-l-g-n-shy-ta-an-may-yzmetker.html,"ақшамен,көлігін,ұшықтаған,май,қызметкері,видеоға,түсіп,қалған",ақшамен көлігін ұшықтаған май қызметкері видеоға түсіп қалған,Ақшамен көлігін ұшықтаған МАЙ қызметкері видеоға түсіп қалған,"[('Ақшамен', 'JJ'), ('көлігін', 'NNP'), ('ұшықтаған', 'NNP'), ('МАЙ', 'NNP'), ('қызметкері', 'NNP'), ('видеоға', 'NNP'), ('түсіп', 'NNP'), ('қалған', 'NN')]",['Ақшамен']
Ресейде ядролық реактор жарылған ауыл халқы көшіріліп жатыр,11:02 2019-08-14,https://kaz.zakon.kz/news/4981445-reseyde-yadroly-reaktor-zharyl-an-auyl.html,"ресейде,ядролық,реактор,жарылған,ауыл,халқы,көшіріліп,жатыр",ресейде ядролық реактор жарылған ауыл халқы көшіріліп жатыр,Ресейде ядролық реактор жарылған ауыл халқы көшіріліп жатыр,"[('Ресейде', 'JJ'), ('ядролық', 'NNP'), ('реактор', 'NNP'), ('жарылған', 'NNP'), ('ауыл', 'NNP'), ('халқы', 'NNP'), ('көшіріліп', 'NNP'), ('жатыр', 'NN')]",['Ресейде']
"""300 мың доллар!.."". Ғабидолланың тағы бір былығы ашылды",10:41 2019-08-14,https://kaz.zakon.kz/news/4981437-300-my-dollar-abidollany-ta-y-b-r-byly.html,"300,мың,доллар,!.."".,ғабидолланың,бір,былығы,ашылды","""300 мың доллар!.."". ғабидолланың тағы бір былығы ашылды","""300 мың доллар!.."". Ғабидолланың тағы бір былығы ашылды","[('""', 'RB'), ('300', 'CD'), ('мың', 'JJ'), ('доллар', 'NNP'), ('!.."".', 'NNP'), ('Ғабидолланың', 'NNP'), ('тағы', 'NNP'), ('бір', 'NNP'), ('былығы', 'NNP'), ('ашылды', 'NN')]",[]
Соларды біртіндеп алып тастасақ – билікке күтпеген кеңес айтылды,10:33 2019-08-14,https://kaz.zakon.kz/news/4981434-solardy-b-rt-ndep-alyp-tastasa-bil-kke.html,"соларды,біртіндеп,алып,тастасақ,–,билікке,күтпеген,кеңес,айтылды",соларды біртіндеп алып тастасақ – билікке күтпеген кеңес айтылды,Соларды біртіндеп алып тастасақ – билікке күтпеген кеңес айтылды,"[('Соларды', 'JJ'), ('біртіндеп', 'NNP'), ('алып', 'NNP'), ('тастасақ', 'NNP'), ('–', 'NNP'), ('билікке', 'NNP'), ('күтпеген', 'NNP'), ('кеңес', 'NNP'), ('айтылды', 'NN')]",['Соларды']
Қазақтың баласы Мохаммед Салахпен кездесті,09:52 2019-08-14,https://kaz.zakon.kz/news/4981424-aza-ty-balasy-mohammed-salahpen-kezdest.html,"қазақтың,баласы,мохаммед,салахпен,кездесті",қазақтың баласы мохаммед салахпен кездесті,Қазақтың баласы Мохаммед Салахпен кездесті,"[('Қазақтың', 'JJ'), ('баласы', 'NNP'), ('Мохаммед', 'NNP'), ('Салахпен', 'NNP'), ('кездесті', 'NN')]",['Қазақтың']
Алматыдағы сел: оқиға орнынан суреттер мен видео жарияланды,09:52 2019-08-14,https://kaz.zakon.kz/news/4981423-almatyda-y-sel-o-i-a-ornynan-suretter.html,"алматыдағы,сел,оқиға,орнынан,суреттер,видео,жарияланды",алматыдағы сел: оқиға орнынан суреттер мен видео жарияланды,Алматыдағы сел: оқиға орнынан суреттер мен видео жарияланды,"[('Алматыдағы', 'JJ'), ('сел', 'NN'), (':', ':'), ('оқиға', 'JJ'), ('орнынан', 'NNP'), ('суреттер', 'NNP'), ('мен', 'NNP'), ('видео', 'NNP'), ('жарияланды', 'NN')]",['Алматыдағы']
Алматы әкімдігі сел қауіпі туындап тұрғанын растады,09:18 2019-08-14,https://kaz.zakon.kz/news/4981414-almaty-k-md-g-sel-au-p-tuyndap-t-r-anyn.html,"алматы,әкімдігі,сел,қауіпі,туындап,тұрғанын,растады",алматы әкімдігі сел қауіпі туындап тұрғанын растады,Алматы әкімдігі сел қауіпі туындап тұрғанын растады,"[('Алматы', 'JJ'), ('әкімдігі', 'NNP'), ('сел', 'NNP'), ('қауіпі', 'NNP'), ('туындап', 'NNP'), ('тұрғанын', 'NNP'), ('растады', 'NN')]",['Алматы']
"Қырғыз деген қазақ емес. Атамбаев неге ""Елбасы"" бола алмады",17:26 2019-08-13,https://kaz.zakon.kz/news/4981361-yr-yz-degen-aza-emes-atambaev-nege.html,"қырғыз,деген,қазақ,атамбаев,неге,елбасы,бола,алмады","қырғыз деген қазақ емес. атамбаев неге ""елбасы"" бола алмады","Қырғыз деген қазақ емес. Атамбаев неге ""Елбасы"" бола алмады","[('Қырғыз', 'JJ'), ('деген', 'NNP'), ('қазақ', 'NNP'), ('емес', 'NNP'), ('.', '.'), ('Атамбаев', 'VB'), ('неге', 'JJ'), ('""', 'NNP'), ('Елбасы', 'NNP'), ('""', 'NNP'), ('бола', 'NNP'), ('алмады', 'NN')]",['Қырғыз']
АҚШ пен Қытай сауда-саттық шиеленісі салдарынан мұнайдың бағасы құлады,17:13 2019-08-13,https://kaz.zakon.kz/news/4981359-a-sh-pen-ytay-sauda-satty-shielen-s.html,"ақш,пен,қытай,сауда,саттық,шиеленісі,салдарынан,мұнайдың,бағасы,құлады",ақш пен қытай сауда-саттық шиеленісі салдарынан мұнайдың бағасы құлады,АҚШ пен Қытай сауда-саттық шиеленісі салдарынан мұнайдың бағасы құлады,"[('АҚШ', 'JJ'), ('пен', 'NNP'), ('Қытай', 'NNP'), ('сауда', 'NNP'), ('-', ':'), ('саттық', 'NN'), ('шиеленісі', 'JJ'), ('салдарынан', 'NNP'), ('мұнайдың', 'NNP'), ('бағасы', 'NNP'), ('құлады', 'NN')]",['АҚШ']
Тоқаевтың төрағалығымен Ақордада экономикалық мәселелер бойынша кеңес өтті,16:57 2019-08-13,https://kaz.zakon.kz/news/4981356-to-aevty-t-ra-aly-ymen-a-ordada.html,"тоқаевтың,төрағалығымен,ақордада,экономикалық,мәселелер,бойынша,кеңес,өтті",тоқаевтың төрағалығымен ақордада экономикалық мәселелер бойынша кеңес өтті,Тоқаевтың төрағалығымен Ақордада экономикалық мәселелер бойынша кеңес өтті,"[('Тоқаевтың', 'JJ'), ('төрағалығымен', 'NNP'), ('Ақордада', 'NNP'), ('экономикалық', 'NNP'), ('мәселелер', 'NNP'), ('бойынша', 'NNP'), ('кеңес', 'NNP'), ('өтті', 'NN')]",['Тоқаевтың']
Малиновский Конституциялық кеңес мүшесі болып қайтадан тағайындалды,16:07 2019-08-13,https://kaz.zakon.kz/news/4981346-malinovskiy-konstitutsiyaly-ke-es-m.html,"малиновский,конституциялық,кеңес,мүшесі,болып,қайтадан,тағайындалды",малиновский конституциялық кеңес мүшесі болып қайтадан тағайындалды,Малиновский Конституциялық кеңес мүшесі болып қайтадан тағайындалды,"[('Малиновский', 'JJ'), ('Конституциялық', 'NNP'), ('кеңес', 'NNP'), ('мүшесі', 'NNP'), ('болып', 'NNP'), ('қайтадан', 'NNP'), ('тағайындалды', 'NN')]",['Малиновский Конституциялық']
Әнші Пласидо Доминго жастау кезінде талай әйелді зорлаған деседі,15:59 2019-08-13,https://kaz.zakon.kz/news/4981343-nsh-plasido-domingo-zhastau-kez-nde.html,"әнші,пласидо,доминго,жастау,кезінде,талай,әйелді,зорлаған,деседі",әнші пласидо доминго жастау кезінде талай әйелді зорлаған деседі,Әнші Пласидо Доминго жастау кезінде талай әйелді зорлаған деседі,"[('Әнші', 'JJ'), ('Пласидо', 'NNP'), ('Доминго', 'NNP'), ('жастау', 'NNP'), ('кезінде', 'NNP'), ('талай', 'NNP'), ('әйелді', 'NNP'), ('зорлаған', 'NNP'), ('деседі', 'NN')]",['Әнші Пласидо Доминго']
"Тоқаев БҰҰ Бас хатшысы Антониу Гутерришке көңіл айтып, жеделхат жолдады",15:51 2019-08-13,https://kaz.zakon.kz/news/4981339-to-aev-b-bas-hatshysy-antoniu.html,"тоқаев,бұұ,бас,хатшысы,антониу,гутерришке,көңіл,айтып,жеделхат,жолдады","тоқаев бұұ бас хатшысы антониу гутерришке көңіл айтып, жеделхат жолдады","Тоқаев БҰҰ Бас хатшысы Антониу Гутерришке көңіл айтып, жеделхат жолдады","[('Тоқаев', 'JJ'), ('БҰҰ', 'NNP'), ('Бас', 'NNP'), ('хатшысы', 'NNP'), ('Антониу', 'NNP'), ('Гутерришке', 'NNP'), ('көңіл', 'NNP'), ('айтып', 'NNP'), (',', ','), ('жеделхат', 'NNP'), ('жолдады', 'NNP')]","['Тоқаев', 'БҰҰ Бас']"
Таразда студент қызды алдаған ЖОО деканы Алматыда ұсталды,15:37 2019-08-13,https://kaz.zakon.kz/news/4981335-tarazda-student-yzdy-alda-an-zhoo.html,"таразда,студент,қызды,алдаған,жоо,деканы,алматыда,ұсталды",таразда студент қызды алдаған жоо деканы алматыда ұсталды,Таразда студент қызды алдаған ЖОО деканы Алматыда ұсталды,"[('Таразда', 'JJ'), ('студент', 'NNP'), ('қызды', 'NNP'), ('алдаған', 'NNP'), ('ЖОО', 'NNP'), ('деканы', 'NNP'), ('Алматыда', 'NNP'), ('ұсталды', 'NN')]",['Таразда']
"""Шашылып қалған"". Алматы-Бішкек трассасында жантүршігерлік жол апаты болды",15:27 2019-08-13,https://kaz.zakon.kz/news/4981333-t-g-alma-an-almaty-b-shkek-trassasynda.html,"шашылып,қалған,"".,алматы,бішкек,трассасында,жантүршігерлік,жол,апаты,болды","""шашылып қалған"". алматы-бішкек трассасында жантүршігерлік жол апаты болды","""Шашылып қалған"". Алматы-Бішкек трассасында жантүршігерлік жол апаты болды","[('""', 'JJ'), ('Шашылып', 'NNP'), ('қалған', 'NNP'), ('"".', 'NNP'), ('Алматы', 'NNP'), ('-', ':'), ('Бішкек', 'NN'), ('трассасында', 'JJ'), ('жантүршігерлік', 'NNP'), ('жол', 'NNP'), ('апаты', 'NNP'), ('болды', 'NN')]","['Шашылып', 'Алматы', 'Бішкек']"
Жәйремдегі төбелес туралы полиция ақпарат берді,15:21 2019-08-13,https://kaz.zakon.kz/news/4981332-zh-yremdeg-t-beles-turaly-politsiya-a.html,"жәйремдегі,төбелес,полиция,ақпарат,берді",жәйремдегі төбелес туралы полиция ақпарат берді,Жәйремдегі төбелес туралы полиция ақпарат берді,"[('Жәйремдегі', 'JJ'), ('төбелес', 'NNP'), ('туралы', 'NNP'), ('полиция', 'NNP'), ('ақпарат', 'NNP'), ('берді', 'NN')]",['Жәйремдегі']
"""Жақсы емес..."". Трамп Ресейдің жарылып кеткен зымыранына қатысты мәлімдеме жасады",14:48 2019-08-13,https://kaz.zakon.kz/news/4981325-zha-sy-emes-tramp-reseyd-zharylyp.html,"жақсы,..."".,трамп,ресейдің,жарылып,кеткен,зымыранына,қатысты,мәлімдеме,жасады","""жақсы емес..."". трамп ресейдің жарылып кеткен зымыранына қатысты мәлімдеме жасады","""Жақсы емес..."". Трамп Ресейдің жарылып кеткен зымыранына қатысты мәлімдеме жасады","[('""', 'JJ'), ('Жақсы', 'NNP'), ('емес', 'NNP'), ('..."".', 'NNP'), ('Трамп', 'NNP'), ('Ресейдің', 'NNP'), ('жарылып', 'NNP'), ('кеткен', 'NNP'), ('зымыранына', 'NNP'), ('қатысты', 'NNP'), ('мәлімдеме', 'NNP'), ('жасады', 'NN')]",['Жақсы']
Тоқаев сынға алса да елордадағы ауқымды жоба қайта қолға алынатын болды,14:20 2019-08-13,https://kaz.zakon.kz/news/4981322-to-aev-syn-a-alsa-da-elordada-y-au-ymdy.html,"тоқаев,сынға,алса,да,елордадағы,ауқымды,жоба,қайта,қолға,алынатын,болды",тоқаев сынға алса да елордадағы ауқымды жоба қайта қолға алынатын болды,Тоқаев сынға алса да елордадағы ауқымды жоба қайта қолға алынатын болды,"[('Тоқаев', 'JJ'), ('сынға', 'NNP'), ('алса', 'NNP'), ('да', 'NNP'), ('елордадағы', 'NNP'), ('ауқымды', 'NNP'), ('жоба', 'NNP'), ('қайта', 'NNP'), ('қолға', 'NNP'), ('алынатын', 'NNP'), ('болды', 'NN')]",['Тоқаев']
Жұмысқа бізді алмайды. Жәйремдегі түріктерді сабауға не себеп болған,14:17 2019-08-13,https://kaz.zakon.kz/news/4981321-zh-mys-a-b-zd-almaydy-zh-yremdeg-t-r.html,"жұмысқа,бізді,алмайды,жәйремдегі,түріктерді,сабауға,не,себеп,болған",жұмысқа бізді алмайды. жәйремдегі түріктерді сабауға не себеп болған,Жұмысқа бізді алмайды. Жәйремдегі түріктерді сабауға не себеп болған,"[('Жұмысқа', 'JJ'), ('бізді', 'NNP'), ('алмайды', 'NNP'), ('.', '.'), ('Жәйремдегі', 'VB'), ('түріктерді', 'JJ'), ('сабауға', 'NNP'), ('не', 'NNP'), ('себеп', 'NNP'), ('болған', 'NN')]",['Жұмысқа']
"""Давай дейді..."". ""Кел, келінім"" бағдарламасын жүргізуші Гүлбаушан ашық кетті",12:56 2019-08-13,https://kaz.zakon.kz/news/4981306-davay-deyd-kel-kel-n-m-ba-darlamasyn-zh.html,"давай,дейді,..."".,кел,келінім,бағдарламасын,жүргізуші,гүлбаушан,ашық,кетті","""давай дейді..."". ""кел, келінім"" бағдарламасын жүргізуші гүлбаушан ашық кетті","""Давай дейді..."". ""Кел, келінім"" бағдарламасын жүргізуші Гүлбаушан ашық кетті","[('""', 'JJ'), ('Давай', 'NNP'), ('дейді', 'NNP'), ('..."".', 'NNP'), ('""', 'NNP'), ('Кел', 'NNP'), (',', ','), ('келінім', 'NNP'), ('""', 'NNP'), ('бағдарламасын', 'NNP'), ('жүргізуші', 'NNP'), ('Гүлбаушан', 'NNP'), ('ашық', 'NNP'), ('кетті', 'NN')]",['Давай']
Жаңа сенатор Нұртөре Жүсіптің жалынды сөзі желіде хит болды,12:46 2019-08-13,https://kaz.zakon.kz/news/4981305-zha-a-senator-n-rt-re-zh-s-pt-zhalyndy.html,"жаңа,сенатор,нұртөре,жүсіптің,жалынды,сөзі,желіде,хит,болды",жаңа сенатор нұртөре жүсіптің жалынды сөзі желіде хит болды,Жаңа сенатор Нұртөре Жүсіптің жалынды сөзі желіде хит болды,"[('Жаңа', 'JJ'), ('сенатор', 'NNP'), ('Нұртөре', 'NNP'), ('Жүсіптің', 'NNP'), ('жалынды', 'NNP'), ('сөзі', 'NNP'), ('желіде', 'NNP'), ('хит', 'NNP'), ('болды', 'NN')]",['Жаңа']
Шетелдік жұмысшылар мен қазақтар тағы төбелесті,12:08 2019-08-13,https://kaz.zakon.kz/news/4981294-sheteld-k-zh-mysshylar-men-aza-tar-ta-y.html,"шетелдік,жұмысшылар,қазақтар,төбелесті",шетелдік жұмысшылар мен қазақтар тағы төбелесті,Шетелдік жұмысшылар мен қазақтар тағы төбелесті,"[('Шетелдік', 'JJ'), ('жұмысшылар', 'NNP'), ('мен', 'NNP'), ('қазақтар', 'NNP'), ('тағы', 'NNP'), ('төбелесті', 'NN')]",['Шетелдік']
Шөкеев биыл Арыста қанша баланың бірінші сыныпқа баратынын айтты,11:49 2019-08-13,https://kaz.zakon.kz/news/4981287-sh-keev-biyl-arysta-ansha-balany-b-r.html,"шөкеев,биыл,арыста,қанша,баланың,бірінші,сыныпқа,баратынын,айтты",шөкеев биыл арыста қанша баланың бірінші сыныпқа баратынын айтты,Шөкеев биыл Арыста қанша баланың бірінші сыныпқа баратынын айтты,"[('Шөкеев', 'JJ'), ('биыл', 'NNP'), ('Арыста', 'NNP'), ('қанша', 'NNP'), ('баланың', 'NNP'), ('бірінші', 'NNP'), ('сыныпқа', 'NNP'), ('баратынын', 'NNP'), ('айтты', 'NN')]",['Шөкеев']
Досаев теңге бағамының тұрақсыздығы себебін атады,11:18 2019-08-13,https://kaz.zakon.kz/news/4981281-dosaev-te-ge-ba-amyny-t-ra-syzdy-y.html,"досаев,теңге,бағамының,тұрақсыздығы,себебін,атады",досаев теңге бағамының тұрақсыздығы себебін атады,Досаев теңге бағамының тұрақсыздығы себебін атады,"[('Досаев', 'JJ'), ('теңге', 'NNP'), ('бағамының', 'NNP'), ('тұрақсыздығы', 'NNP'), ('себебін', 'NNP'), ('атады', 'NN')]",['Досаев']
Еліміздің үздік ауруханалары анықталды,10:59 2019-08-13,https://kaz.zakon.kz/news/4981274-el-m-zd-zd-k-auruhanalary-any-taldy.html,"еліміздің,үздік,ауруханалары,анықталды",еліміздің үздік ауруханалары анықталды,Еліміздің үздік ауруханалары анықталды,"[('Еліміздің', 'JJ'), ('үздік', 'NNP'), ('ауруханалары', 'NNP'), ('анықталды', 'NN')]",['Еліміздің']
Дариға Назарбаева Сенаттан кетпейтін болды,09:30 2019-08-13,https://kaz.zakon.kz/news/4981253-dari-a-nazarbaeva-senattan-ketpeyt-n.html,"дариға,назарбаева,сенаттан,кетпейтін,болды",дариға назарбаева сенаттан кетпейтін болды,Дариға Назарбаева Сенаттан кетпейтін болды,"[('Дариға', 'JJ'), ('Назарбаева', 'NNP'), ('Сенаттан', 'NNP'), ('кетпейтін', 'NNP'), ('болды', 'NN')]",['Дариға Назарбаева Сенаттан']
Арыста 6924 үйдің құрылыс жұмыстары аяқталды,21:56 2019-08-12,https://kaz.zakon.kz/news/4981220-arysta-6924-yd-rylys-zh-mystary-aya.html,"арыста,6924,үйдің,құрылыс,жұмыстары,аяқталды",арыста 6924 үйдің құрылыс жұмыстары аяқталды,Арыста 6924 үйдің құрылыс жұмыстары аяқталды,"[('Арыста', 'NN'), ('6924', 'CD'), ('үйдің', 'NNP'), ('құрылыс', 'NNP'), ('жұмыстары', 'NNP'), ('аяқталды', 'NN')]",['Арыста']
"""Nur Otan"" партиясы Түркістан облыстық филиалы төрағасының бірінші орынбасары тағайындалды",19:44 2019-08-12,https://kaz.zakon.kz/news/4981213-nur-otan-partiyasy-t-rk-stan-oblysty.html,"nur,otan,партиясы,түркістан,облыстық,филиалы,төрағасының,бірінші,орынбасары,тағайындалды","""nur otan"" партиясы түркістан облыстық филиалы төрағасының бірінші орынбасары тағайындалды","""Nur Otan"" партиясы Түркістан облыстық филиалы төрағасының бірінші орынбасары тағайындалды","[('""', 'JJ'), ('Nur', 'NNP'), ('Otan', 'NNP'), ('""', 'NNP'), ('партиясы', 'NNP'), ('Түркістан', 'NNP'), ('облыстық', 'NNP'), ('филиалы', 'NNP'), ('төрағасының', 'NNP'), ('бірінші', 'NNP'), ('орынбасары', 'NNP'), ('тағайындалды', 'NN')]",[]
Арыстықтарға берілетін 100 мың теңге қашан аударылатыны белгілі болды,19:23 2019-08-12,https://kaz.zakon.kz/news/4981211-arysty-tar-a-ber-let-n-100-my-te-ge.html,"арыстықтарға,берілетін,100,мың,теңге,қашан,аударылатыны,белгілі,болды",арыстықтарға берілетін 100 мың теңге қашан аударылатыны белгілі болды,Арыстықтарға берілетін 100 мың теңге қашан аударылатыны белгілі болды,"[('Арыстықтарға', 'JJ'), ('берілетін', '$'), ('100', 'CD'), ('мың', 'NNP'), ('теңге', 'NNP'), ('қашан', 'NNP'), ('аударылатыны', 'NNP'), ('белгілі', 'NNP'), ('болды', 'NN')]",[]
Нұртөре Жүсіп пен Асқар Шәкіров Сенат депутаты атанды,17:51 2019-08-12,https://kaz.zakon.kz/news/4981196-n-rt-re-zh-s-p-pen-as-ar-sh-k-rov-senat.html,"нұртөре,жүсіп,пен,асқар,шәкіров,сенат,депутаты,атанды",нұртөре жүсіп пен асқар шәкіров сенат депутаты атанды,Нұртөре Жүсіп пен Асқар Шәкіров Сенат депутаты атанды,"[('Нұртөре', 'JJ'), ('Жүсіп', 'NNP'), ('пен', 'NNP'), ('Асқар', 'NNP'), ('Шәкіров', 'NNP'), ('Сенат', 'NNP'), ('депутаты', 'NNP'), ('атанды', 'NN')]",['Нұртөре Жүсіп']
Қасым-Жомарт Тоқаев жазушы Смағұл Елубайды қабылдады,17:45 2019-08-12,https://kaz.zakon.kz/news/4981193-asym-zhomart-to-aev-zhazushy-sma-l.html,"қасым,жомарт,тоқаев,жазушы,смағұл,елубайды,қабылдады",қасым-жомарт тоқаев жазушы смағұл елубайды қабылдады,Қасым-Жомарт Тоқаев жазушы Смағұл Елубайды қабылдады,"[('Қасым', 'SYM'), ('-', ':'), ('Жомарт', 'NN'), ('Тоқаев', 'JJ'), ('жазушы', 'NNP'), ('Смағұл', 'NNP'), ('Елубайды', 'NNP'), ('қабылдады', 'NN')]","['Қасым', 'Жомарт Тоқаев']"
1 қыркүйекте Алматы мектептеріне 258 мыңнан астам оқушы келеді,17:18 2019-08-12,https://kaz.zakon.kz/news/4981184-1-yrk-yekte-almaty-mektepter-ne-258-my.html,"1,қыркүйекте,алматы,мектептеріне,258,мыңнан,астам,оқушы,келеді",1 қыркүйекте алматы мектептеріне 258 мыңнан астам оқушы келеді,1 қыркүйекте Алматы мектептеріне 258 мыңнан астам оқушы келеді,"[('1', 'CD'), ('қыркүйекте', 'JJ'), ('Алматы', 'NNP'), ('мектептеріне', 'NNP'), ('258', 'CD'), ('мыңнан', 'NNP'), ('астам', 'NNP'), ('оқушы', 'NNP'), ('келеді', 'NN')]",['Алматы']
Алматы әкімінің орынбасары Ерлан Әукенов қызметінен кетті,17:14 2019-08-12,https://kaz.zakon.kz/news/4981183-almaty-k-m-n-orynbasary-erlan-ukenov.html,"алматы,әкімінің,орынбасары,ерлан,әукенов,қызметінен,кетті",алматы әкімінің орынбасары ерлан әукенов қызметінен кетті,Алматы әкімінің орынбасары Ерлан Әукенов қызметінен кетті,"[('Алматы', 'JJ'), ('әкімінің', 'NNP'), ('орынбасары', 'NNP'), ('Ерлан', 'NNP'), ('Әукенов', 'NNP'), ('қызметінен', 'NNP'), ('кетті', 'NN')]",['Алматы']
Алматыда кеңсе тонайтын ерекше аферист ұсталып қалды,17:08 2019-08-12,https://kaz.zakon.kz/news/4981181-almatyda-ke-se-tonaytyn-erekshe-aferist.html,"алматыда,кеңсе,тонайтын,ерекше,аферист,ұсталып,қалды",алматыда кеңсе тонайтын ерекше аферист ұсталып қалды,Алматыда кеңсе тонайтын ерекше аферист ұсталып қалды,"[('Алматыда', 'JJ'), ('кеңсе', 'NNP'), ('тонайтын', 'NNP'), ('ерекше', 'NNP'), ('аферист', 'NNP'), ('ұсталып', 'NNP'), ('қалды', 'NN')]",['Алматыда']
Оралдың жаңа әкімі тағайындалды,16:47 2019-08-12,https://kaz.zakon.kz/news/4981175-oraldy-zha-a-k-m-ta-ayyndaldy.html,"оралдың,жаңа,әкімі,тағайындалды",оралдың жаңа әкімі тағайындалды,Оралдың жаңа әкімі тағайындалды,"[('Оралдың', 'JJ'), ('жаңа', 'NNP'), ('әкімі', 'NNP'), ('тағайындалды', 'NN')]",['Оралдың']
Айыппұлға 200 млн теңге таба алмаған экс-әкім түрмеге отыруды таңдады,15:46 2019-08-12,https://kaz.zakon.kz/news/4981163-ayypp-l-a-200-mln-te-ge-taba-alma-an.html,"айыппұлға,200,млн,теңге,таба,алмаған,экс,әкім,түрмеге,отыруды,таңдады",айыппұлға 200 млн теңге таба алмаған экс-әкім түрмеге отыруды таңдады,Айыппұлға 200 млн теңге таба алмаған экс-әкім түрмеге отыруды таңдады,"[('Айыппұлға', 'RB'), ('200', 'CD'), ('млн', 'JJ'), ('теңге', 'NNP'), ('таба', 'NNP'), ('алмаған', 'NNP'), ('экс', 'NNP'), ('-', ':'), ('әкім', 'NN'), ('түрмеге', 'JJ'), ('отыруды', 'NNP'), ('таңдады', 'NN')]",[]
Көк-Төбе тауы тағы өртенді,15:27 2019-08-12,https://kaz.zakon.kz/news/4981160-k-k-t-be-tauy-ta-y-rtend.html,"көк,төбе,тауы,өртенді",көк-төбе тауы тағы өртенді,Көк-Төбе тауы тағы өртенді,"[('Көк', 'SYM'), ('-', ':'), ('Төбе', 'NN'), ('тауы', 'JJ'), ('тағы', 'NNP'), ('өртенді', 'NN')]","['Көк', 'Төбе']"
Тоқаев Қазақстанның Беларусьтегі Елшісін ауыстырды,14:01 2019-08-12,https://kaz.zakon.kz/news/4981144-to-aev-aza-stanny-belarusteg-elsh-s-n.html,"тоқаев,қазақстанның,беларусьтегі,елшісін,ауыстырды",тоқаев қазақстанның беларусьтегі елшісін ауыстырды,Тоқаев Қазақстанның Беларусьтегі Елшісін ауыстырды,"[('Тоқаев', 'JJ'), ('Қазақстанның', 'NNP'), ('Беларусьтегі', 'NNP'), ('Елшісін', 'NNP'), ('ауыстырды', 'NN')]",['Тоқаев Қазақстанның Беларусьтегі Елшісін']
Түркістан: Кентауда модульдi мал сою бекетi iске қосылды,13:58 2019-08-12,https://kaz.zakon.kz/news/4981143-t-rk-stan-kentauda-moduldi-mal-soyu.html,"түркістан,кентауда,модульдi,мал,сою,бекетi,iске,қосылды",түркістан: кентауда модульдi мал сою бекетi iске қосылды,Түркістан: Кентауда модульдi мал сою бекетi iске қосылды,"[('Түркістан', 'NN'), (':', ':'), ('Кентауда', 'JJ'), ('модульдi', 'NNP'), ('мал', 'NNP'), ('сою', 'NNP'), ('бекетi', 'NNP'), ('iске', 'NN'), ('қосылды', 'NN')]",['Түркістан']
Қырғыздың қара қызы қазақтың әнін құйқылжытты,12:43 2019-08-12,https://kaz.zakon.kz/news/4981134-yr-yzdy-ara-yzy-aza-ty-n-n-y-ylzhytty.html,"қырғыздың,қара,қызы,қазақтың,әнін,құйқылжытты",қырғыздың қара қызы қазақтың әнін құйқылжытты,Қырғыздың қара қызы қазақтың әнін құйқылжытты,"[('Қырғыздың', 'JJ'), ('қара', 'NNP'), ('қызы', 'NNP'), ('қазақтың', 'NNP'), ('әнін', 'NNP'), ('құйқылжытты', 'NN')]",['Қырғыздың']
Ыстықкөлде қазақстандық туристер мінген автобус кюветке ұшып кетті,12:27 2019-08-12,https://kaz.zakon.kz/news/4981131-ysty-k-lde-aza-standy-turister-m-ngen.html,"ыстықкөлде,қазақстандық,туристер,мінген,автобус,кюветке,ұшып,кетті",ыстықкөлде қазақстандық туристер мінген автобус кюветке ұшып кетті,Ыстықкөлде қазақстандық туристер мінген автобус кюветке ұшып кетті,"[('Ыстықкөлде', 'JJ'), ('қазақстандық', 'NNP'), ('туристер', 'NNP'), ('мінген', 'NNP'), ('автобус', 'NNP'), ('кюветке', 'NNP'), ('ұшып', 'NNP'), ('кетті', 'NN')]",['Ыстықкөлде']
"""Позор!"". Мәскеу асқан бұрынғы қазақстандық тілші Красиенко көзге түсті ",11:55 2019-08-12,https://kaz.zakon.kz/news/4981124-pozor-m-skeu-as-an-b-ryn-y-aza-standy-t.html,"позор,!"".,мәскеу,асқан,бұрынғы,қазақстандық,тілші,красиенко,көзге,түсті","""позор!"". мәскеу асқан бұрынғы қазақстандық тілші красиенко көзге түсті ","""Позор!"". Мәскеу асқан бұрынғы қазақстандық тілші Красиенко көзге түсті ","[('""', 'JJ'), ('Позор', 'NNP'), ('!"".', 'NNP'), ('Мәскеу', 'NNP'), ('асқан', 'NNP'), ('бұрынғы', 'NNP'), ('қазақстандық', 'NNP'), ('тілші', 'NNP'), ('Красиенко', 'NNP'), ('көзге', 'NNP'), ('түсті', 'NN')]",['Позор']
Қасым-Жомарт Тоқаев өзінің президент атанған алғашқы күндерін еске алды ,11:45 2019-08-12,https://kaz.zakon.kz/news/4981121-asym-zhomart-to-aev-z-n-prezident-atan.html,"қасым,жомарт,тоқаев,президент,атанған,алғашқы,күндерін,еске,алды",қасым-жомарт тоқаев өзінің президент атанған алғашқы күндерін еске алды ,Қасым-Жомарт Тоқаев өзінің президент атанған алғашқы күндерін еске алды ,"[('Қасым', 'SYM'), ('-', ':'), ('Жомарт', 'NN'), ('Тоқаев', 'JJ'), ('өзінің', 'NNP'), ('президент', 'NNP'), ('атанған', 'NNP'), ('алғашқы', 'NNP'), ('күндерін', 'NNP'), ('еске', 'NNP'), ('алды', 'NN')]","['Қасым', 'Жомарт Тоқаев']"
Алматыда полицейге жем болғысы келмеген жүргізуші дөрекі түрде қашып кетті,11:32 2019-08-12,https://kaz.zakon.kz/news/4981117-almatyda-politseyge-zhem-bol-ysy.html,"алматыда,полицейге,жем,болғысы,келмеген,жүргізуші,дөрекі,түрде,қашып,кетті",алматыда полицейге жем болғысы келмеген жүргізуші дөрекі түрде қашып кетті,Алматыда полицейге жем болғысы келмеген жүргізуші дөрекі түрде қашып кетті,"[('Алматыда', 'JJ'), ('полицейге', 'NNP'), ('жем', 'NNP'), ('болғысы', 'NNP'), ('келмеген', 'NNP'), ('жүргізуші', 'NNP'), ('дөрекі', 'NNP'), ('түрде', 'NNP'), ('қашып', 'NNP'), ('кетті', 'NN')]",['Алматыда']
Белгілі қазақстандық журналист қайтыс болды,11:20 2019-08-12,https://kaz.zakon.kz/news/4981115-belg-l-aza-standy-zhurnalist-aytys-boldy.html,"белгілі,қазақстандық,журналист,қайтыс,болды",белгілі қазақстандық журналист қайтыс болды,Белгілі қазақстандық журналист қайтыс болды,"[('Белгілі', 'JJ'), ('қазақстандық', 'NNP'), ('журналист', 'NNP'), ('қайтыс', 'NNP'), ('болды', 'NN')]",['Белгілі']
"""Қазақфильмнің"" бастығы ауысты",10:34 2019-08-12,https://kaz.zakon.kz/news/4981104-aza-filmn-basty-y-auysty.html,"қазақфильмнің,бастығы,ауысты","""қазақфильмнің"" бастығы ауысты","""Қазақфильмнің"" бастығы ауысты","[('""', 'JJ'), ('Қазақфильмнің', 'NNP'), ('""', 'NNP'), ('бастығы', 'NNP'), ('ауысты', 'NN')]",[]
Қасым-Жомарт Тоқаев Қазақстан халқына Жолдау арнамақ,10:22 2019-08-12,https://kaz.zakon.kz/news/4981102-asym-zhomart-to-aev-aza-stan-hal-yna.html,"қасым,жомарт,тоқаев,қазақстан,халқына,жолдау,арнамақ",қасым-жомарт тоқаев қазақстан халқына жолдау арнамақ,Қасым-Жомарт Тоқаев Қазақстан халқына Жолдау арнамақ,"[('Қасым', 'SYM'), ('-', ':'), ('Жомарт', 'NN'), ('Тоқаев', 'JJ'), ('Қазақстан', 'NNP'), ('халқына', 'NNP'), ('Жолдау', 'NNP'), ('арнамақ', 'NN')]","['Қасым', 'Жомарт Тоқаев Қазақстан']"
Н.Нығматулин АҚШ конгрессмендерімен кездесті,10:10 2019-08-12,https://kaz.zakon.kz/news/4981099-n-ny-matulin-a-sh-kongressmender-men.html,"н,нығматулин,ақш,конгрессмендерімен,кездесті",н.нығматулин ақш конгрессмендерімен кездесті,Н.Нығматулин АҚШ конгрессмендерімен кездесті,"[('Н', 'NN'), ('.', '.'), ('Нығматулин', 'CC'), ('АҚШ', 'JJ'), ('конгрессмендерімен', 'NN'), ('кездесті', 'NN')]",['АҚШ']
Ол террорист пе еді? Ислам Әбішевті қамауда ұстау тағы 1 айға созылды,10:01 2019-08-12,https://kaz.zakon.kz/news/4981096-ol-terrorist-pe-ed-islam-b-shevt-amauda.html,"террорист,пе,еді,ислам,әбішевті,қамауда,ұстау,1,айға,созылды",ол террорист пе еді? ислам әбішевті қамауда ұстау тағы 1 айға созылды,Ол террорист пе еді? Ислам Әбішевті қамауда ұстау тағы 1 айға созылды,"[('Ол', 'JJ'), ('террорист', 'NNP'), ('пе', 'NNP'), ('еді', 'NNP'), ('?', '.'), ('Ислам', 'NNP'), ('Әбішевті', 'NNP'), ('қамауда', 'NNP'), ('ұстау', 'NNP'), ('тағы', 'VBD'), ('1', 'CD'), ('айға', 'NNS'), ('созылды', 'VBP')]",[]
Студенттер отрядын жаңғырту керек пе,09:47 2019-08-12,https://kaz.zakon.kz/news/4981092-ol-utopiya-studentter-otryadyn-zha-yrtu.html,"студенттер,отрядын,жаңғырту,керек,пе",студенттер отрядын жаңғырту керек пе,Студенттер отрядын жаңғырту керек пе,"[('Студенттер', 'JJ'), ('отрядын', 'NNP'), ('жаңғырту', 'NNP'), ('керек', 'NNP'), ('пе', 'NN')]",['Студенттер']
Көк-Төбедегі өрттен кісі қаза тапты: полиция тергеуге кірісті,09:37 2019-08-12,https://kaz.zakon.kz/news/4981090-k-k-t-bedeg-rtten-k-s-aza-tapty.html,"көк,төбедегі,өрттен,кісі,қаза,тапты,полиция,тергеуге,кірісті",көк-төбедегі өрттен кісі қаза тапты: полиция тергеуге кірісті,Көк-Төбедегі өрттен кісі қаза тапты: полиция тергеуге кірісті,"[('Көк', 'SYM'), ('-', ':'), ('Төбедегі', 'NN'), ('өрттен', 'JJ'), ('кісі', 'NNP'), ('қаза', 'NNP'), ('тапты', 'NN'), (':', ':'), ('полиция', 'JJ'), ('тергеуге', 'NN'), ('кірісті', 'NN')]","['Көк', 'Төбедегі']"
Тоқаев АҚШ конгрессмендерін қабылдады,17:31 2019-08-09,https://kaz.zakon.kz/news/4980944-to-aev-a-sh-kongressmender-n-abyldady.html,"тоқаев,ақш,конгрессмендерін,қабылдады",тоқаев ақш конгрессмендерін қабылдады,Тоқаев АҚШ конгрессмендерін қабылдады,"[('Тоқаев', 'JJ'), ('АҚШ', 'NNP'), ('конгрессмендерін', 'NNP'), ('қабылдады', 'NN')]","['Тоқаев', 'АҚШ']"
Қазақ аз. Солтүстікке көшу үшін не істеу керек,17:18 2019-08-09,https://kaz.zakon.kz/news/4980940-aza-az-solt-st-kke-k-shu-sh-n-ne-steu.html,"қазақ,аз,солтүстікке,көшу,не,істеу,керек",қазақ аз. солтүстікке көшу үшін не істеу керек,Қазақ аз. Солтүстікке көшу үшін не істеу керек,"[('Қазақ', 'JJ'), ('аз', 'NNP'), ('.', '.'), ('Солтүстікке', 'VB'), ('көшу', 'JJ'), ('үшін', 'NNP'), ('не', 'NNP'), ('істеу', 'NNP'), ('керек', 'NN')]",['Қазақ']
Асқар Мамин Қырғызстанда Еуразиялық үкіметаралық кеңес отырысына қатысты,16:46 2019-08-09,https://kaz.zakon.kz/news/4980933-as-ar-mamin-yr-yzstanda-euraziyaly-k.html,"асқар,мамин,қырғызстанда,еуразиялық,үкіметаралық,кеңес,отырысына,қатысты",асқар мамин қырғызстанда еуразиялық үкіметаралық кеңес отырысына қатысты,Асқар Мамин Қырғызстанда Еуразиялық үкіметаралық кеңес отырысына қатысты,"[('Асқар', 'JJ'), ('Мамин', 'NNP'), ('Қырғызстанда', 'NNP'), ('Еуразиялық', 'NNP'), ('үкіметаралық', 'NNP'), ('кеңес', 'NNP'), ('отырысына', 'NNP'), ('қатысты', 'NN')]",['Асқар Мамин Қырғызстанда Еуразиялық']
Мини-соғыс болған жер. Атамбаевтың үйі қандай күйде,16:39 2019-08-09,https://kaz.zakon.kz/news/4980932-mini-so-ys-bol-an-zher-atambaevty-y-az.html,"мини,соғыс,болған,жер,атамбаевтың,үйі,қандай,күйде",мини-соғыс болған жер. атамбаевтың үйі қандай күйде,Мини-соғыс болған жер. Атамбаевтың үйі қандай күйде,"[('Мини', 'SYM'), ('-', ':'), ('соғыс', 'NN'), ('болған', 'JJ'), ('жер', 'NNP'), ('.', '.'), ('Атамбаевтың', 'VB'), ('үйі', 'JJ'), ('қандай', 'NNP'), ('күйде', 'NN')]",['Мини']
Елбасы Ахметжан Есімовті қабылдады,16:05 2019-08-09,https://kaz.zakon.kz/news/4980925-elbasy-ahmetzhan-es-movt-abyldady.html,"елбасы,ахметжан,есімовті,қабылдады",елбасы ахметжан есімовті қабылдады,Елбасы Ахметжан Есімовті қабылдады,"[('Елбасы', 'JJ'), ('Ахметжан', 'NNP'), ('Есімовті', 'NNP'), ('қабылдады', 'NN')]",['Елбасы Ахметжан Есімовті']
Демалыс күндері жаңбыр және температураның төмендеуі күтіледі ,16:04 2019-08-09,https://kaz.zakon.kz/news/4980924-demalys-k-nder-zha-byr-zh-ne.html,"демалыс,күндері,жаңбыр,және,температураның,төмендеуі,күтіледі",демалыс күндері жаңбыр және температураның төмендеуі күтіледі ,Демалыс күндері жаңбыр және температураның төмендеуі күтіледі ,"[('Демалыс', 'JJ'), ('күндері', 'NNP'), ('жаңбыр', 'NNP'), ('және', 'NNP'), ('температураның', 'NNP'), ('төмендеуі', 'NNP'), ('күтіледі', 'NN')]",['Демалыс']
Қырымда Украина туы көкке көтерілді,15:44 2019-08-09,https://kaz.zakon.kz/news/4980917-yrymda-ukraina-tuy-k-kke-k-ter-ld.html,"қырымда,украина,туы,көкке,көтерілді",қырымда украина туы көкке көтерілді,Қырымда Украина туы көкке көтерілді,"[('Қырымда', 'JJ'), ('Украина', 'NNP'), ('туы', 'NNP'), ('көкке', 'NNP'), ('көтерілді', 'NN')]",['Қырымда Украина']
Көрініп тұр. Камшат Жолдыбаеваның купальнигі дау тудырды,15:26 2019-08-09,https://kaz.zakon.kz/news/4980913-k-r-n-p-t-r-oy-kamshat-zholdybaevany.html,"көрініп,тұр,камшат,жолдыбаеваның,купальнигі,дау,тудырды",көрініп тұр. камшат жолдыбаеваның купальнигі дау тудырды,Көрініп тұр. Камшат Жолдыбаеваның купальнигі дау тудырды,"[('Көрініп', 'JJ'), ('тұр', 'NNP'), ('.', '.'), ('Камшат', 'VB'), ('Жолдыбаеваның', 'JJ'), ('купальнигі', 'NNP'), ('дау', 'NNP'), ('тудырды', 'NN')]","['Көрініп', 'Жолдыбаеваның']"
Маса қандай адамдардың қанын сүйсініп сорады,14:58 2019-08-09,https://kaz.zakon.kz/news/4980908-masa-anday-adamdardy-anyn-s-ys-n-p.html,"маса,қандай,адамдардың,қанын,сүйсініп,сорады",маса қандай адамдардың қанын сүйсініп сорады,Маса қандай адамдардың қанын сүйсініп сорады,"[('Маса', 'JJ'), ('қандай', 'NNP'), ('адамдардың', 'NNP'), ('қанын', 'NNP'), ('сүйсініп', 'NNP'), ('сорады', 'NN')]",['Маса']
Үкімет басшысы Асқар Мамин Қырғыз елінде жүр,14:56 2019-08-09,https://kaz.zakon.kz/news/4980906-k-met-basshysy-as-ar-mamin-yr-yz-el-nde.html,"үкімет,басшысы,асқар,мамин,қырғыз,елінде,жүр",үкімет басшысы асқар мамин қырғыз елінде жүр,Үкімет басшысы Асқар Мамин Қырғыз елінде жүр,"[('Үкімет', 'JJ'), ('басшысы', 'NNP'), ('Асқар', 'NNP'), ('Мамин', 'NNP'), ('Қырғыз', 'NNP'), ('елінде', 'NNP'), ('жүр', 'NN')]",['Үкімет']
"Сыртқы істер министрі қырғыз, өзбек және тәжік әріптестерімен кеңес өткізді",14:49 2019-08-09,https://kaz.zakon.kz/news/4980904-syrt-y-ster-ministr-yr-yz-zbek-zh-ne-t.html,"сыртқы,істер,министрі,қырғыз,өзбек,және,тәжік,әріптестерімен,кеңес,өткізді","сыртқы істер министрі қырғыз, өзбек және тәжік әріптестерімен кеңес өткізді","Сыртқы істер министрі қырғыз, өзбек және тәжік әріптестерімен кеңес өткізді","[('Сыртқы', 'JJ'), ('істер', 'NNP'), ('министрі', 'NNP'), ('қырғыз', 'NNP'), (',', ','), ('өзбек', 'NNP'), ('және', 'NNP'), ('тәжік', 'NNP'), ('әріптестерімен', 'NNP'), ('кеңес', 'NNP'), ('өткізді', 'NN')]",['Сыртқы']
Батыс Қазақстанда екі бүлдіршін қызды зорлаған күдікті ұсталды,14:31 2019-08-09,https://kaz.zakon.kz/news/4980898-batys-aza-standa-ek-b-ld-rsh-n-yzdy.html,"батыс,қазақстанда,екі,бүлдіршін,қызды,зорлаған,күдікті,ұсталды",батыс қазақстанда екі бүлдіршін қызды зорлаған күдікті ұсталды,Батыс Қазақстанда екі бүлдіршін қызды зорлаған күдікті ұсталды,"[('Батыс', 'JJ'), ('Қазақстанда', 'NNP'), ('екі', 'NNP'), ('бүлдіршін', 'NNP'), ('қызды', 'NNP'), ('зорлаған', 'NNP'), ('күдікті', 'NNP'), ('ұсталды', 'NN')]",['Батыс Қазақстанда']
Әлемдік нарықта алтынның бағасы шарықтап кетті,14:06 2019-08-09,https://kaz.zakon.kz/news/4980891-lemd-k-nary-ta-altynny-ba-asy-shary-tap.html,"әлемдік,нарықта,алтынның,бағасы,шарықтап,кетті",әлемдік нарықта алтынның бағасы шарықтап кетті,Әлемдік нарықта алтынның бағасы шарықтап кетті,"[('Әлемдік', 'JJ'), ('нарықта', 'NNP'), ('алтынның', 'NNP'), ('бағасы', 'NNP'), ('шарықтап', 'NNP'), ('кетті', 'NN')]",['Әлемдік']
Қасым-Жомарт Тоқаев Қытайға сапармен барады,14:00 2019-08-09,https://kaz.zakon.kz/news/4980890-asym-zhomart-to-aev-ytay-a-saparmen.html,"қасым,жомарт,тоқаев,қытайға,сапармен,барады",қасым-жомарт тоқаев қытайға сапармен барады,Қасым-Жомарт Тоқаев Қытайға сапармен барады,"[('Қасым', 'SYM'), ('-', ':'), ('Жомарт', 'NN'), ('Тоқаев', 'JJ'), ('Қытайға', 'NNP'), ('сапармен', 'NNP'), ('барады', 'NN')]","['Қасым', 'Жомарт Тоқаев Қытайға']"
Кісі өлтіргенін мойындаған алматылықтың ауылдасы өз шындығын айтты,12:21 2019-08-09,https://kaz.zakon.kz/news/4980875-25-zhyldan-so-k-s-lt-rgen-n-moyynda-an.html,"кісі,өлтіргенін,мойындаған,алматылықтың,ауылдасы,шындығын,айтты",кісі өлтіргенін мойындаған алматылықтың ауылдасы өз шындығын айтты,Кісі өлтіргенін мойындаған алматылықтың ауылдасы өз шындығын айтты,"[('Кісі', 'JJ'), ('өлтіргенін', 'NNP'), ('мойындаған', 'NNP'), ('алматылықтың', 'NNP'), ('ауылдасы', 'NNP'), ('өз', 'NNP'), ('шындығын', 'NNP'), ('айтты', 'NN')]",['Кісі']
Қазақстандық жас әнші көптің жынына тиетін бейнебаян жариялады,11:39 2019-08-09,https://kaz.zakon.kz/news/4980870-aza-standy-zhas-nsh-k-pt-zhynyna-tiet-n.html,"қазақстандық,жас,әнші,көптің,жынына,тиетін,бейнебаян,жариялады",қазақстандық жас әнші көптің жынына тиетін бейнебаян жариялады,Қазақстандық жас әнші көптің жынына тиетін бейнебаян жариялады,"[('Қазақстандық', 'JJ'), ('жас', 'NNP'), ('әнші', 'NNP'), ('көптің', 'NNP'), ('жынына', 'NNP'), ('тиетін', 'NNP'), ('бейнебаян', 'NNP'), ('жариялады', 'NN')]",['Қазақстандық']
Атамбаев абақтыға жабылды – оған айып тағылды,11:28 2019-08-09,https://kaz.zakon.kz/news/4980868-atambaev-aba-ty-a-zhabyldy-o-an-ayyp-ta.html,"атамбаев,абақтыға,жабылды,–,айып,тағылды",атамбаев абақтыға жабылды – оған айып тағылды,Атамбаев абақтыға жабылды – оған айып тағылды,"[('Атамбаев', 'JJ'), ('абақтыға', 'NNP'), ('жабылды', 'NNP'), ('–', 'NNP'), ('оған', 'NNP'), ('айып', 'NNP'), ('тағылды', 'NN')]",['Атамбаев']
Саудагерлер еттің неге қымбаттап кеткенін түсіндірді,11:06 2019-08-09,https://kaz.zakon.kz/news/4980860-saudagerler-ett-nege-ymbattap-ketken-n.html,"саудагерлер,еттің,неге,қымбаттап,кеткенін,түсіндірді",саудагерлер еттің неге қымбаттап кеткенін түсіндірді,Саудагерлер еттің неге қымбаттап кеткенін түсіндірді,"[('Саудагерлер', 'JJ'), ('еттің', 'NNP'), ('неге', 'NNP'), ('қымбаттап', 'NNP'), ('кеткенін', 'NNP'), ('түсіндірді', 'NN')]",['Саудагерлер']
Асанәлі Әшімов жас келіншегімен көлде жатыр,10:52 2019-08-09,https://kaz.zakon.kz/news/4980858-asan-l-sh-mov-zhas-kel-nsheg-men-k-lde.html,"асанәлі,әшімов,жас,келіншегімен,көлде,жатыр",асанәлі әшімов жас келіншегімен көлде жатыр,Асанәлі Әшімов жас келіншегімен көлде жатыр,"[('Асанәлі', 'JJ'), ('Әшімов', 'NNP'), ('жас', 'NNP'), ('келіншегімен', 'NNP'), ('көлде', 'NNP'), ('жатыр', 'NN')]",['Асанәлі Әшімов']
Қаперсіз қос ғашық күтпеген жерден мерт болды,10:20 2019-08-09,https://kaz.zakon.kz/news/4980852-apers-z-os-ashy-k-tpegen-zherden-mert.html,"қаперсіз,қос,ғашық,күтпеген,жерден,мерт,болды",қаперсіз қос ғашық күтпеген жерден мерт болды,Қаперсіз қос ғашық күтпеген жерден мерт болды,"[('Қаперсіз', 'JJ'), ('қос', 'NNP'), ('ғашық', 'NNP'), ('күтпеген', 'NNP'), ('жерден', 'NNP'), ('мерт', 'NNP'), ('болды', 'NN')]",['Қаперсіз']
Тоқаев Сооронбай Жээнбековпен телефон арқылы сөйлесті,10:03 2019-08-09,https://kaz.zakon.kz/news/4980848-to-aev-sooronbay-zheenbekovpen-telefon.html,"тоқаев,сооронбай,жээнбековпен,телефон,сөйлесті",тоқаев сооронбай жээнбековпен телефон арқылы сөйлесті,Тоқаев Сооронбай Жээнбековпен телефон арқылы сөйлесті,"[('Тоқаев', 'JJ'), ('Сооронбай', 'NNP'), ('Жээнбековпен', 'NNP'), ('телефон', 'NNP'), ('арқылы', 'NNP'), ('сөйлесті', 'NN')]",['Тоқаев Сооронбай Жээнбековпен']
Дайын отыр! Атамбаевты неге жығып бермеу керек,09:50 2019-08-09,https://kaz.zakon.kz/news/4980845-dayyn-otyr-atambaevty-nege-zhy-yp.html,"дайын,отыр,атамбаевты,неге,жығып,бермеу,керек",дайын отыр! атамбаевты неге жығып бермеу керек,Дайын отыр! Атамбаевты неге жығып бермеу керек,"[('Дайын', 'JJ'), ('отыр', 'NN'), ('!', '.'), ('Атамбаевты', 'JJ'), ('неге', 'JJ'), ('жығып', 'NN'), ('бермеу', 'NNP'), ('керек', 'NN')]",['Дайын']
Диана кайф. Жалаңаштанған қазақ қызы жұрттың жағасын ұстатты,09:31 2019-08-09,https://kaz.zakon.kz/news/4980839-diana-kayf-zhala-ashtan-an-aza-yzy-zh.html,"диана,кайф,жалаңаштанған,қазақ,қызы,жұрттың,жағасын,ұстатты",диана кайф. жалаңаштанған қазақ қызы жұрттың жағасын ұстатты,Диана кайф. Жалаңаштанған қазақ қызы жұрттың жағасын ұстатты,"[('Диана', 'JJ'), ('кайф', 'NNP'), ('.', '.'), ('Жалаңаштанған', 'VB'), ('қазақ', 'JJ'), ('қызы', 'NNP'), ('жұрттың', 'NNP'), ('жағасын', 'NNP'), ('ұстатты', 'NN')]",['Диана']
Алматыда Toyota адам қағып кетті,09:18 2019-08-09,https://kaz.zakon.kz/news/4980835-almatyda-toyota-adam-a-yp-kett.html,"алматыда,toyota,адам,қағып,кетті",алматыда toyota адам қағып кетті,Алматыда Toyota адам қағып кетті,"[('Алматыда', 'JJ'), ('Toyota', 'NNP'), ('адам', 'NNP'), ('қағып', 'NNP'), ('кетті', 'NN')]",['Алматыда Toyota']
Атамбаев өз еркімен берілді,08:59 2019-08-09,https://kaz.zakon.kz/news/4980831-atambaev-z-erk-men-ber-ld.html,"атамбаев,еркімен,берілді",атамбаев өз еркімен берілді,Атамбаев өз еркімен берілді,"[('Атамбаев', 'JJ'), ('өз', 'NNP'), ('еркімен', 'NNP'), ('берілді', 'NN')]",['Атамбаев']
